X,Y,OBJECTID,GlobalID,GPIN,BuildingName,PID,Address,BuildingID,BuildingStatus,YearBuilt,GFASource,PermitCase,PermitStatus,GFA,DCOOD,OCCDate,BPGFA,EnergovID,CreateUser,CreateDate,LastEditUser,LastEditDate,ApprovedGFA,PermittedGFA,REATaxedGFA,PlanningCaseNumber,PlanningCaseName,PlanCaseEnergovID
11754484.5728253,6967693.30557917,1,{576962EA-D255-464A-9AFD-C96A2AB6EFE4},7596-47-5780,Iron Mountain Data Center VA-1,P941363702,11680 HAYDEN RD,VA1,Completed,2017,,BLD2017-00581,Finaled,0,Yes,2017/09/24 00:00:00+00,165230,18cc783b-67dd-4a38-8bda-00ea9132d778,,,PLANNING,2026/02/26 16:40:06+00,,,165230,,,
11754806.7263804,6967424.48196983,2,{987D444C-6551-4232-A6F6-DF07290505D9},7596-57-4735,Iron Mountain Data Center VA-2,P889929368,11660 HAYDEN RD,VA2,Completed,2019,,BLD2018-04430,Finaled,0,Yes,2019/10/24 00:00:00+00,211000,7c6be09f-a60d-47fc-9792-1381d8d7aa45,,,PLANNING,2026/02/26 16:40:06+00,,,325918,,,
11755196.9191696,6966785.61644967,3,{61655ED7-BF9B-4C7E-8051-C4EB1F2E0DCC},7596-56-1578,Iron Mountain Data Center VA-3,P127342091,11640 HAYDEN RD,VA3,Completed,2024,,BLD2023-00509,Finaled,0,Yes,2024/09/25 00:00:00+00,304654,66b384c9-6b42-478f-a2ef-52db14750511,,,PLANNING,2026/02/26 16:40:06+00,,,389649,,,
11755996.4648146,6966511.31745759,4,{8D769961-AF96-4C44-B380-23E86A0D8CD4},7596-66-0725,Iron Mountain Data Center VA-4,P308324890,11600 HAYDEN RD,VA4,Completed,2024,,BLD2023-03506,Finaled,0,Yes,2025/06/11 00:00:00+00,182032,b5f6cf2d-da22-46e4-a5df-19141a348c0f,,,PLANNING,2026/02/26 16:40:06+00,,,182032,,,
11756282.4862242,6966027.99198067,5,{4FE46474-FA92-496E-9585-DF7A63B7CA56},7596-66-0725,Iron Mountain Data Center VA-5,P820679989,11580 HAYDEN RD,VA5,Completed,2025,,BLD2023-03508,Finaled,0,Yes,2025/06/11 00:00:00+00,220134,d6b8be7a-371a-42d7-a3bf-44062aacbb72,,,PLANNING,2026/02/26 16:40:06+00,,,110067,,,
11756931.2224595,6964214.52382284,6,{5FCAED8A-E600-4927-81CD-25B84893A9F6},7596-64-9220,Iron Mountain Data Center VA-6,P220600003,7745 WELLINGTON RD,VA6,Completed,2025,,BLD2023-05363,Finaled,0,Yes,2025/06/18 00:00:00+00,213000,57dfd424-e661-4885-bb14-0dbf269e433a,,,PLANNING,2026/02/26 16:40:06+00,,,230706,,,
11756613.0800512,6966782.76803017,7,{AFE87A7E-873E-4969-ABDE-A11A0A4AB4AF},7596-66-8266,Iron Mountain Data Center VA-7,P231100000,8330 BETHLEHEM RD,VA7,Completed,2025,,BLD2024-02971,Finaled,0,Yes,2025/11/19 00:00:00+00,290307,73076f13-ab0f-489d-80ae-dc115e5ccaee,,,PLANNING,2026/02/26 16:40:06+00,,,290307,,,
11755856.9719833,6965510.96578376,8,{6DE4E079-0162-4EBA-8DD9-2F6BACE448C8},7596-55-9338,Iron Mountain Data Center VA-8/9,P250100194,11530 ELEVATE DR 100,VA8/9,Planned,,Proffer,<Null>,Planned,347183,Yes,,,,,,RFH7157A,2026/02/02 06:41:16+00,,,,,,
11751501.9505097,6967563.20774226,9,{7C214B4A-419C-4EB9-B1B9-DA3A134B1BD3},7596-17-3979,Amazon AWS IAD-74 Manassas,P759604457,7070 WELLINGTON RD,IAD74,Completed,2016,,BLD2015-22325,Finaled,0,Yes,2016/01/22 00:00:00+00,146962,70394b90-e3ca-4da9-bb30-018d8e02d63d,,,PLANNING,2026/02/26 16:40:06+00,,,148580,,,
11751135.4541954,6967741.38422318,10,{0D4C9AA8-DBCD-4573-A4ED-FEB3591D7AA0},7596-17-3979,Amazon AWS IAD-73 Manassas,P759604461,7060 WELLINGTON RD,IAD73,Completed,2016,,BLD2015-23921,Finaled,0,Yes,2016/07/22 00:00:00+00,146962,cf0071fa-363f-4a3b-beda-071052c60f9e,,,PLANNING,2026/02/26 16:40:06+00,,,148580,,,
11751773.4371714,6967415.86158025,11,{4E307E51-41B6-416A-A8E4-F78A4566B456},7596-27-0053,South Point Phase II Building A,P759604445,8300 BUCKEYE TIMBER DR,A,Completed,2026,Proffer,BLD2024-01532,Finaled,265000,Yes,2026/01/08 00:00:00+00,217934,76068c8f-8f36-4545-955c-a82ff1b20573,,,PLANNING,2026/02/26 16:40:06+00,,,217934,,,
11751679.1529112,6967014.29250151,12,{D838802A-67AF-490E-AF5A-2D468405913D},7596-16-5979,South Point Phase II Building B,P759604446,8400 BUCKEYE TIMBER DR,B,Under Construction,,Proffer,BLD2025-00827,Issued,265000,Yes,,182032,0349fdff-a072-4a32-ba6c-ddc9456ed5a6,,,RFH7157A,2026/02/02 04:34:32+00,,,,,,
11756638.6124804,6968605.14693134,13,{154D5DEA-E592-430C-94CA-A8B2F1DD1F5F},7596-58-8732,Amazon Bethlehem Technology Park DC23,P829322953,8190 BETHLEHEM RD,DC23,Completed,2020,,BLD2018-03269,Finaled,0,Yes,2020/05/14 00:00:00+00,147530,d322f058-6c40-4065-8e7a-a902216fa7bd,,,PLANNING,2026/02/26 16:40:06+00,,,147530,,,
11756754.6171697,6968023.10085134,14,{D5633C4E-EBE0-437D-8C40-983FBA27F23D},7596-58-8732,Amazon Bethlehem Technology Park DC18,P297211748,8180 BETHLEHEM RD,DC18,Completed,2017,,BLD2017-02845,Finaled,0,Yes,2017/10/22 00:00:00+00,211816,ffa00a1d-1a3a-4bee-b4bd-e0662c536f54,,,PLANNING,2026/02/26 16:40:06+00,,,211816,,,
11756094.8950639,6968303.19346701,15,{3B518AC7-42BE-445F-8604-E0089B957BD4},7596-58-8732,Amazon Bethlehem Technology Park DC19,P387421822,8200 BETHLEHEM RD,DC19,Completed,2017,,BLD2016-06361,Finaled,0,Yes,2017/06/01 00:00:00+00,147530,9bc9ef14-4eae-4edb-806d-72da60b1cd56,,,PLANNING,2026/02/26 16:40:06+00,,,148580,,,
11755790.033797,6968284.44317642,16,{37F4D268-56E4-492E-A014-C70EE183902B},7596-58-8732,Amazon Bethlehem Technology Park DC20,P616885332,8210 BETHLEHEM RD,DC20,Completed,2017,,BLD2017-01263,Finaled,0,Yes,2017/08/04 00:00:00+00,211816,6fe9cf7d-2fcb-44d3-b789-3fd3def2facd,,,PLANNING,2026/02/26 16:40:06+00,,,211816,,,
11763429.4683213,6956510.61731467,17,{24AA26D6-0BDD-492F-9DCE-014EAF889D94},7695-36-1324,Amazon AWS IAD-107,P410953430,9740 INNOVATION DR,IAD107,Completed,2025,,BLD2023-00752,Finaled,0,Yes,2025/05/28 00:00:00+00,217979,be8a9a82-9707-492f-9aca-27aa8cffaa82,,,PLANNING,2026/02/26 16:40:06+00,,,216067,,,
11763046.7144936,6956572.15623359,18,{53F0B83F-46DF-41B5-AE9E-86123AA137AC},7695-26-7645,Amazon AWS IAD-106,P288274844,9720 INNOVATION DR,IAD106,Completed,2025,,BLD2022-04680,Finaled,0,Yes,2025/02/20 00:00:00+00,213320,15c64b3f-5af0-4743-8cfe-782ea866dee2,,,PLANNING,2026/02/26 16:40:06+00,,,233757,,,
11762728.3181488,6956811.94315559,19,{B3C5D9A8-2862-4CF9-AFAF-2EC79F5CF3EA},7695-26-4469,Amazon AWS IAD-105,P311840762,9700 INNOVATION DR,IAD105,Completed,2024,,BLD2022-03130,Finaled,0,Yes,2024/07/29 00:00:00+00,213320,f2894643-22ea-4c7e-b0ad-8c5ef3d12bfb,,,PLANNING,2026/02/26 16:40:06+00,,,223757,,,
11762389.0399559,6957057.83898926,20,{835BA1FE-4CF7-4EBE-BA35-D45635717627},7695-17-9607,Amazon AWS IAD-104,P777015344,9680 INNOVATION DR,IAD104,Completed,2024,,BLD2022-01092,Finaled,0,Yes,2024/01/22 00:00:00+00,213320,837e79b6-484d-4877-9a9f-c61fb50c7478,,,PLANNING,2026/02/26 16:40:06+00,,,213320,,,
11764382.4713365,6957628.08423984,21,{B96A48C7-F265-49ED-8220-64CAE78FB3C0},7695-47-3376,QTS Manassas DC6,P769500024,9540 GODWIN DR,DC6,Under Construction,,,BLD2024-06788,Issued,0,Yes,,199720,d9056854-8eb1-4e25-9a93-d963bb27d2ee,,,RFH7157A,2026/02/02 03:45:47+00,,,199720,,,
11763375.5127205,6959429.20071633,22,{78010C8B-F0D3-4555-8E6E-E64124169404},7695-39-0644,QTS Manassas DC5,P769500343,9301 FREEDOM CENTER BLVD,DC5,Completed,2023,,BLD2021-04300,Finaled,0,Yes,2023/04/28 00:00:00+00,310000,03dba0f6-eaa6-4c6f-b296-f1c3001087eb,,,PLANNING,2026/02/26 16:40:06+00,,,308486,,,
11764340.5977326,6958962.45099367,23,{124D57AD-17C9-4CF4-8101-B671B928E952},7695-48-1668,QTS Manassas DC1,P109282980,9400 GODWIN DR,DC1,Completed,2019,,BLD2018-06634,Finaled,0,Yes,2019/03/28 00:00:00+00,121028,78af6dd2-ffaa-4fe4-a8d1-8a7276b7ff05,,,PLANNING,2026/02/26 16:40:06+00,,,127000,,,
11765079.5299818,6959068.78805134,24,{1F48B4EA-0632-435E-94A4-378686E49BAA},7695-58-1491,QTS Manassas DC3,P147203823,9450 GODWIN DR,DC3,Completed,2024,,BLD2022-06119,Finaled,0,Yes,2024/07/11 00:00:00+00,269091,f67f7c97-549b-4d8c-b037-fefd671692d9,,,PLANNING,2026/02/26 16:40:06+00,,,269091,,,
11764532.6550913,6958961.3660221,25,{344A6C3F-5268-4E74-BD90-23BFEC61D901},7695-48-5650,QTS Manassas DC2,P174153420,9420 GODWIN DR,DC2,Under Construction,,,BLD2023-04643,Issued,0,Yes,,136228,74c40686-6527-48cd-bdc4-c658e9a4e8d9,,,RFH7157A,2026/02/02 03:45:47+00,,,136228,,,
11763515.9707729,6958403.15388392,26,{9F0B3669-EB1B-4CE2-8E23-09C9FFC4BE40},7695-38-4851,QTS Manassas DC4,P769500019,9351 FREEDOM CENTER BLVD,DC4,Under Construction,,Proffer,BLD2025-03459,Issued,350000,Yes,,315862,a18c8cb1-8e4d-4f6e-a574-4f5a49955bf7,,,RFH7157A,2026/02/02 04:34:32+00,,,,,,
11762661.1440705,6961394.98484251,27,{F900607B-0586-433E-9632-E86DAB0B8B02},7696-21-7764,Amazon AWS IAD-130,P301996031,9040 FREEDOM CENTER BLVD,IAD130,Completed,2020,Proffer,BLD2019-01155,Finaled,204211,Yes,2020/09/16 00:00:00+00,202626,dfada6b7-bf88-412b-8998-b6bda272c3d2,,,PLANNING,2026/02/26 16:40:06+00,,,202626,,,
11762798.3081663,6961671.19196725,28,{23A427A9-C39B-4984-BCEB-4489DB6C9A8E},7696-21-7764,Amazon AWS IAD-131,P574504267,9020 FREEDOM CENTER BLVD,IAD131,Completed,2020,Proffer,BLD2019-04018,Finaled,204211,Yes,2020/12/02 00:00:00+00,202626,1e33cb0f-6714-43c3-8123-146cd00f2817,,,PLANNING,2026/02/26 16:40:06+00,,,206626,,,
11764109.2645338,6962590.31644134,29,{923E8026-CC1A-4104-92F6-2A2554EAD049},7696-42-1559,TPC Data Centers,P769605244,8819 WELLINGTON RD,TPC,Under Construction,2026,Proffer,BLD2024-04746,Finaled,370715,Yes,2026/03/30 00:00:00+00,361500,4933bf4e-1e75-450f-91d2-68b7dc26aa1d,,,RFH7157A,2026/03/30 23:27:45+00,370715,361500,361500,REZ2024-00008,8765 and 8819 Wellington Road PRA,55087cda-4790-4f98-be5d-2a054fe2c464
11763920.2045445,6961709.99503925,30,{F390B87D-4405-4EEE-B0ED-B19C6254C2D3},7696-31-9262,Stack Northern Virginia NVA05B,P230500017,9001 FREEDOM CENTER BLVD,NVA05B,Under Construction,,Proffer,BLD2025-03129,Issued,407395,Yes,,261558,7e02253a-6e88-4a82-9658-49f1591b4530,,,RFH7157A,2026/02/02 04:34:32+00,,,,,,
11764682.0488213,6961472.38659059,31,{AD397077-7D91-4981-B589-0AE3436FEEE1},7696-41-6854,Stack Northern Virginia NVA05C,P241000102,8930 WELLINGTON RD,NVA05C,Under Construction,,Proffer,BLD2025-03019,Issued,261312,Yes,,179320,60188a2c-bb9c-4414-bf36-6f9d15a5cb62,,,RFH7157A,2026/02/02 04:34:32+00,,,,,,
11763308.6326049,6960803.20124917,32,{B473E00E-AA73-4B15-A4E9-6DC04474EFC4},7696-30-4783,Stack Northern Virginia NVA05A,P646108432,9101 FREEDOM CENTER BLVD,NVA05A,Completed,2025,Proffer,BLD2023-00562,Finaled,407395,Yes,2025/07/07 00:00:00+00,270540,5c3f2d81-47fc-4ed4-b545-ccbba43c7e61,,,PLANNING,2026/02/26 16:40:06+00,,,270540,,,
11762827.000038,6963247.99918109,33,{7F697EBC-1827-41B6-839A-38C4294D5C2E},7696-33-1105,Stack Northern Virginia NVA05E,P769605050,8671 WELLINGTON RD,NVA05E,Planned,,,,Planned,0,Yes,,,,,,RFH7157A,2026/02/02 03:45:47+00,,,,,,
11758851.9643529,6956598.75460559,34,{8CBAA278-BFB6-401C-BA5B-361CC12D1C73},7595-96-0662,Amazon AWS IAD-77,P759502013,9651 HORNBAKER RD,IAD77,Completed,2010,,BLD2007-04468,Finaled,0,Yes,2010/04/20 00:00:00+00,223127,a99774a0-2b03-4f25-b8d9-5bd9a8b1b57f,,,PLANNING,2026/02/26 16:40:06+00,,,247608,,,
11759407.9071387,6955396.41252209,35,{F91C4EE2-4B98-4261-B2FA-CE0C7E1A93CF},7595-95-6147,Amazon AWS IAD - Thomasson Barn 1,P783165250,11200 THOMASSON BARN RD,IN-1,Completed,2019,,BLD2019-02581,Finaled,0,Yes,2019/11/15 00:00:00+00,149404,4363620a-6479-4fff-bdab-db1f9005ebf9,,,PLANNING,2026/02/26 16:40:06+00,,,149904,,,
11759827.1779537,6955482.35001425,36,{552B43FF-DE72-400A-85D8-307BF05B94AB},7595-95-6147,Amazon AWS IAD - Thomasson Barn 2,P591655697,11150 THOMASSON BARN RD,IN-2,Completed,2020,,BLD2019-01459,Finaled,0,Yes,2020/02/05 00:00:00+00,202626,3489ab96-dc63-495d-bac7-665cee9ba14b,,,PLANNING,2026/02/26 16:40:06+00,,,202626,,,
11758584.5209902,6955094.38195817,37,{DDEB3FED-89F6-465C-82CA-C487E6C7317C},7595-85-6929,Stack Northern Virginia NVA02A,P470694996,9750 HORNBAKER RD,NVA02A,Completed,2025,,BLD2021-02881,Finaled,0,Yes,2025/10/31 00:00:00+00,224592,6be127e5-7597-4883-9519-9b2cd619b0cb,,,PLANNING,2026/02/26 16:40:06+00,,,226862,,,
11758627.008438,6955496.43791258,38,{EA7A74E3-B430-4C33-B36C-46BA3567EB42},7595-85-3742,Stack Northern Virginia NVA02B,P378332592,9740 HORNBAKER RD,NVA02B,Completed,2025,,BLD2022-07412,Finaled,0,Yes,2025/07/16 00:00:00+00,217502,d13ecd99-c9b4-4d4e-97a0-a248556f219d,,,PLANNING,2026/02/26 16:40:06+00,,,224652,,,
11758659.5605383,6955795.91730051,39,{BF12296B-B621-4DA0-ACD1-2E9FD5ABAF75},7595-85-6929,Stack Northern Virginia NVA02C,P366229877,9730 HORNBAKER RD,NVA02C,Completed,2025,,BLD2022-01720,Finaled,0,Yes,2025/11/04 00:00:00+00,14160,ce6bb298-55a7-4a92-9d0f-db7567453809,,,PLANNING,2026/02/26 16:40:06+00,,,14387,,,
11757775.1052862,6956280.33693534,40,{C7CF03A2-6791-45A4-AFDB-2E54FD7C80C4},7595-76-6544.00,Stack Northern Virginia NVA02D,P715821797,9590 HORNBAKER RD,NVA02D,Completed,2023,,BLD2022-00534,Finaled,0,Yes,2023/06/09 00:00:00+00,281000,0c1ca3c4-291c-4c65-ac5d-f675a4d278f3,,,PLANNING,2026/02/26 16:40:06+00,,,281000,,,
11757331.7971177,6956920.18572125,41,{47271D61-C710-4451-8AB0-A556CAF622C0},7595-76-2590,Stack Northern Virginia NVA02G,P240400016,9530 HORNBAKER RD,NVA02G,Under Construction,,,BLD2024-05348,Issued,0,Yes,,185803,d654ae92-38be-497b-9357-da4355aa2e32,,,RFH7157A,2026/02/02 03:45:47+00,,,185803,,,
11756926.6778492,6955789.89729942,42,{86A6C9D5-9A23-453D-8EF8-5DE03EEBC3BA},7595-65-9789.00,Stack Northern Virginia NVA02E,P220900000,9570 HORNBAKER RD,NVA02E,Completed,2024,,BLD2023-03853,Finaled,0,Yes,2024/08/30 00:00:00+00,261686,6a331e9d-3c77-4abe-809e-a061d9b469ea,,,PLANNING,2026/02/26 16:40:06+00,,,259200,,,
11755497.2433721,6955006.86900984,43,{093CB7A3-A784-41AF-B496-ACC2BD0336DA},7595-54-7478,Stack Northern Virginia NVA02H,P240900248,10161 LINTON HALL RD,NVA02H,Under Construction,,Proffer,BLD2025-06092,Issued,212428,No,,246223,5f95f15c-467d-483d-946e-fe21395c97f4,,,RFH7157A,2026/03/02 17:58:25+00,,,,REZ2019-00034,Youth for Tomorrow,222f06a0-c603-4233-9289-74ff5439b34d
11755966.1764893,6955218.92304768,44,{20AA4CE0-F208-41A5-8248-720FF5A5E3A1},7595-54-7478,Stack Northern Virginia NVA02I,P240900249,10167 LINTON HALL RD,NVA02I,Under Construction,,Proffer,BLD2025-03391,Issued,212428,No,,253834,bbfee5e7-a9d5-44fc-b0f8-6c81a8896f17,,,RFH7157A,2026/03/02 17:58:25+00,,,,REZ2019-00034,Youth for Tomorrow,222f06a0-c603-4233-9289-74ff5439b34d
11757039.6359566,6955484.32966909,45,{D76B63CD-1AB1-4E37-ABB8-4DE1F427A60A},7595-75-3611,Stack Northern Virginia NVA02F,P240600347,9640 HORNBAKER RD,NVA02F,Under Construction,,,BLD2025-01136,Issued,0,Yes,,367927,393039e6-dbed-4498-8625-1aca6b21733a,,,RFH7157A,2026/02/02 03:45:47+00,,,367927,,,
11766312.7086178,6952086.83252709,46,{D17239E6-0B3D-477A-850A-016735A7A19E},7695-62-8723,Amazon AWS IAD-100,P784904340,10321 TANNER WAY,IAD100,Completed,2021,Proffer,BLD2020-00115,Finaled,1132540,Yes,2021/10/14 00:00:00+00,212017,54555daf-925d-4523-8e3c-01aea9d77cf3,,,PLANNING,2026/02/26 16:40:06+00,,,212017,REZ2018-00002,BRICKYARD,5b9b1adb-eadd-43e0-aa7f-4fe0a600d4f2
11767033.1947096,6952959.22842009,47,{890AAB2A-86F4-45E6-863F-3ED6C7A53874},7695-62-8723,Amazon AWS IAD-103,P497751903,10261 TANNER WAY,IAD103,Completed,2023,Proffer,BLD2021-00330,Finaled,1132540,Yes,2023/03/13 00:00:00+00,153582,a32bc82d-1f31-4dc4-8d1a-1350c2047a67,,,PLANNING,2026/02/26 16:40:06+00,,,153582,REZ2018-00002,BRICKYARD,5b9b1adb-eadd-43e0-aa7f-4fe0a600d4f2
11766625.2086489,6952351.58954351,48,{978EF843-FA99-461A-9F72-8A79BCEDCDBA},7695-62-8723,Amazon AWS IAD-101,P208772048,10301 TANNER WAY,IAD101,Completed,2022,Proffer,BLD2020-04380,Finaled,1132540,Yes,2022/03/08 00:00:00+00,214796,c34c972b-2d30-40c5-aba5-6c039958d63b,,,PLANNING,2026/02/26 16:40:06+00,,,214796,REZ2018-00002,BRICKYARD,5b9b1adb-eadd-43e0-aa7f-4fe0a600d4f2
11766768.9166948,6952633.24219543,49,{6C2F0D43-E141-4B97-B649-42E59C659E18},7695-62-8723,Amazon AWS IAD-102,P999706645,10281 TANNER WAY,IAD102,Completed,2022,Proffer,BLD2020-05182,Finaled,1132540,Yes,2020/07/14 00:00:00+00,214796,e4c480e6-9b0f-4c2b-939b-d606d5a55ffc,,,PLANNING,2026/02/26 16:40:06+00,,,214796,REZ2018-00002,BRICKYARD,5b9b1adb-eadd-43e0-aa7f-4fe0a600d4f2
11768501.3640173,6948005.35545383,50,{141B9F74-96FA-48E7-A70B-867EA8A66B74},7694-87-3694,CloudHQ Manassas Corporate Center 2,P769400336,10100 HARRY J PARRISH BLVD,MCC2,Completed,2021,,BLD2019-02023,Finaled,0,Yes,2021/01/05 00:00:00+00,392565,356a7b06-6f1a-4794-b6e2-75ecb6be8902,,,PLANNING,2026/02/26 16:40:06+00,,,347876,,,
11768079.6594802,6945560.30686626,51,{1FCCF642-62AF-4459-8F7B-7AD366F9B288},7694-85-3066,CloudHQ Manassas Corporate Center 1,P114125876,10880 AIRMAN AVE,MCC1,Completed,2017,,BLD2016-05888,Finaled,0,Yes,2017/09/14 00:00:00+00,460248,2c11828f-a2f4-455d-8f1e-4bb5e190fc86,,,PLANNING,2026/02/26 16:40:06+00,,,460248,,,
11769734.4868792,6945036.26296684,52,{5C7BC125-804B-456B-90A2-0FCFEA7ABCF7},7694-95-7303.00,CloudHQ Manassas Corporate Center 6A,P885507765,10900 AIRMAN AVE,MCC6A,Under Construction,,Proffer,BLD2020-04041,Issued,317944,Yes,,161000,83ce9a1e-7632-4bae-8bf1-93165f716525,,,RFH7157A,2026/02/02 07:11:36+00,,,139000,,,
11770215.5384105,6946796.74861909,53,{60B714FA-4451-4EAA-8C0A-36844D0B20A6},7794-06-4463,CloudHQ Manassas Corporate Center 3,P779401549,10740 AIRMAN AVE,MCC3,Planned,,Proffer,,Planned,317944,Yes,,,,,,RFH7157A,2026/02/02 07:11:36+00,,,,,,
11769285.9050992,6946353.04806292,54,{B69E199B-AE2F-42CC-A6C0-ACFE4D945714},7694-96-2732,CloudHQ Manassas Corporate Center 4,P769400338,10849 AIRMAN AVE,MCC4,Planned,,Estimated,,Planned,252309,Yes,,,,,,RFH7157A,2026/02/04 05:11:29+00,,,,,,
11768226.0650273,6944412.77110359,55,{1BE6EE3D-1B6C-4D71-9DB7-2EDDF4DA2CA1},7694-84-2446,CloudHQ Manassas Corporate Center 5,P996037405,10940 AIRMAN AVE,MCC5,Planned,,Proffer,,Planned,317944,Yes,,,,,,RFH7157A,2026/02/02 07:11:36+00,,,,,,
11768148.831914,6947190.68123017,56,{9E7D6400-FFDF-4D26-97CE-DDB5C575C871},7694-87-2108,CloudHQ Manassas Corporate Center 7,P769400337,10101 HARRY J PARRISH BLVD,MCC7,Planned,,Proffer,BLD2026-04432,Pending,343283,Yes,,235305,2c1a255a-b7d7-423c-b5aa-719a8f5856e7,,,RFH7157A,2026/03/20 03:34:05+00,343283,235305,,REZ2024-00025,Manassas Corporate Center MCC-7,96c7aacf-964e-419b-ae82-f9f97a86808d
11756840.5070898,6961731.46218792,57,{F26E6911-80EE-48D6-BE98-1EFDEDF2D54A},7596-61-8378.00,Manassas Tech Center Building A,P231200004,8890 MIKE GARCIA DR,A,Under Construction,,Proffer,BLD2025-00144,Issued,879847,Yes,,220132,93754916-e8c7-4686-8d35-8c9684f65754,,,RFH7157A,2026/02/02 04:02:19+00,,,,,,
11765920.5998219,6952948.79438584,58,{328A4358-0A89-4B1D-A266-A22556402C4C},7695-53-7717,DLR IAD-51,P607853669,10051 BRICKYARD WAY,A,Under Construction,,Proffer,BLD2024-02491,Issued,1132540,Yes,,800423,46002d00-1a25-439a-bc56-5c662692a014,,,RFH7157A,2026/02/12 14:51:46+00,,,,REZ2018-00002,BRICKYARD,5b9b1adb-eadd-43e0-aa7f-4fe0a600d4f2
11765572.9919213,6953444.76878759,59,{5EA6F5DB-A147-4127-9D03-E161E429B897},7695-53-7717,DLR IAD-50,P689957993,10050 BRICKYARD WAY,B,Under Construction,,Proffer,BLD2025-02545,Issued,1132540,Yes,,802135,71918160-914e-43a8-8774-e8cada7d13ab,,,RFH7157A,2026/02/12 14:51:46+00,,,,REZ2018-00002,BRICKYARD,5b9b1adb-eadd-43e0-aa7f-4fe0a600d4f2
11764837.7942448,6951787.24060659,60,{393E9EAE-8FFD-459D-A901-B18C2D4D4AAE},7695-41-6086,CloudHQ Manassas Data Center 3,P526460193,10470 HARRY J PARRISH BLVD,MDC3,Planned,,Proffer,BLD2026-02951,Pending,718554,Yes,,523151,eaa0fa5e-5ca8-41b1-8db6-445a95484013,,,RFH7157A,2026/02/26 14:47:16+00,,523151,,REZ2018-00001,ASHWOOD ADDITION,bac2c975-6f9e-462c-a9f0-d855015bd869
11765374.2528175,6951253.38635933,61,{83CCEAA2-7FF9-42E4-AA28-32CD146924AC},7695-50-2882,CloudHQ Manassas Data Center 2,P680011371,10450 HARRY J PARRISH BLVD,MDC2,Under Construction,,Proffer,BLD2026-01701,Issued,718554,Yes,,523151,5ee5f727-07c2-4980-aab7-2d5bd05b0796,,,RFH7157A,2026/02/12 14:41:32+00,,,,REZ2018-00001,ASHWOOD ADDITION,bac2c975-6f9e-462c-a9f0-d855015bd869
11765856.0943735,6950706.72472301,62,{BFDF1341-F019-4053-B958-E19051EB072D},7695-50-9420,CloudHQ Manassas Data Center 1,P361931361,10430 HARRY J PARRISH BLVD,MDC1,Under Construction,,Proffer,BLD2025-04928,Issued,718554,Yes,,597947,58d0e971-0794-40ed-a6d5-3f6fdcb4b1fe,,,RFH7157A,2026/02/12 14:41:32+00,,,,REZ2018-00001,ASHWOOD ADDITION,bac2c975-6f9e-462c-a9f0-d855015bd869
11755945.4882105,6954155.20371842,63,{15A959ED-5A09-4519-A32D-D593F0D44C4B},7595-54-7478,Stack Northern Virginia NVA02J,P240900247,10155 LINTON HALL RD,NVA02J,Under Construction,,Proffer,BLD2026-01905,Issued,212428,No,,202000,9379a798-4e7b-438c-9784-4741faee27d9,,,RFH7157A,2026/03/02 17:58:25+00,,,,REZ2019-00034,Youth for Tomorrow,222f06a0-c603-4233-9289-74ff5439b34d
11757284.1600738,6969876.69130425,64,{3EEE2E42-617A-4C5F-B0C4-B380DE703CE7},7596-79-3589,Iron Mountain Manassas Point DC1,P230400004,11461 CONNECTIVITY DR,DC1,Planned,,Proffer,,Planned,580035,Yes,,,,,,RFH7157A,2026/02/02 05:36:03+00,,,,,,
11757853.6979768,6969650.45192733,65,{AF883079-F3CE-4398-8016-4E21FC552222},7596-89-0058,Iron Mountain Manassas Point DC3,P230400005,11451 CONNECTIVITY DR,DC3,Planned,,Proffer,,Planned,580035,Yes,,,,,,RFH7157A,2026/02/02 05:36:03+00,,,,,,
11757742.2667692,6970218.86450443,66,{676DB242-71D7-43CF-805E-6120886ECDB0},7596-79-3589,Iron Mountain Manassas Point DC2,P230400006,11441 CONNECTIVITY DR,DC2,Planned,,Proffer,,Planned,580035,Yes,,,,,,RFH7157A,2026/02/02 05:36:03+00,,,,,,
11757158.4851283,6972656.05418384,67,{B9A7B59D-9A4B-4B42-B106-09F2DAFE112A},7597-72-1867,Amazon AWS IAD-7,P759701257,7505 MASON KING CT,IAD7,Completed,2012,Estimated,BLD2009-02929,Finaled,167193,Yes,2012/09/20 00:00:00+00,102344,062d2d05-8c1f-4475-8497-25623bb73fef,,,PLANNING,2026/02/26 16:40:06+00,,,109543,,,
11754200.1757563,6972070.89820193,68,{C81E4D95-73C8-4B87-8971-7CF24921D583},7597-42-2107,Amazon AWS IAD-14,P759701644,11801 BREWERS SPRING RD,IAD14,Completed,2013,Estimated,BLD2012-05261,Finaled,218993,Yes,2013/01/17 00:00:00+00,115930,4da9f554-68bc-4592-842e-c1a46ad95efa,,,PLANNING,2026/02/26 16:40:06+00,,,115600,,,
11756220.1608895,6972384.94941109,69,{6D42C5A5-C196-44B8-B9B0-9F21D59FF6DB},7597-62-3841,Amazon AWS IAD-11,P759700487,7510 MASON KING CT,IAD11,Completed,1986,Estimated,85101402B00,Finaled,167145,Yes,1986/06/04 00:00:00+00,99999,f96be129-35b8-4a53-9429-ddc452e8cf92,,,PLANNING,2026/02/26 16:40:06+00,,,120000,,,
11756534.8872942,6972327.74217643,70,{68185CDA-AA32-4F88-9467-1B2F2BF64A28},7597-62-3841,Amazon AWS IAD-24,P759700488,7610 MASON KING CT,IAD24,Completed,2012,Estimated,BLD2012-02503,Finaled,41786,Yes,2012/09/20 00:00:00+00,21500,38b11878-da8b-496f-b559-381a5b0674eb,,,PLANNING,2026/02/26 16:40:06+00,,,30000,,,
11754128.257593,6972598.51722543,71,{5015DC26-0D40-477A-87BB-03010B025DC6},7597-42-1456,Amazon AWS IAD-52,P759701648,11800 BREWERS SPRING RD,IAD52,Completed,2014,Estimated,BLD2013-03732,Finaled,170925,Yes,2014/03/04 00:00:00+00,123534,e0951eef-e6b5-47c4-8348-235d073d50f2,,,PLANNING,2026/02/26 16:40:06+00,,,123534,,,
11754104.7438605,6972996.89438142,72,{67F801D4-BEA5-4A30-BCD3-1E4FEF762FA0},7597-42-1395,Amazon AWS IAD-59,P759701649,7600 DOANE DR,IAD59,Completed,2015,Estimated,BLD2014-02896,Finaled,171911,Yes,2015/04/02 00:00:00+00,127700,d8cf2bda-bfa9-4914-95dc-c6511d4d02a9,,,PLANNING,2026/02/26 16:40:06+00,,,127700,,,
11758585.6056337,6975316.8428255,73,{7A2904E3-2675-45F8-9A12-CC15E60E239E},7597-85-1215,Microsoft Azure MNZ01,P240500206,11320 BALLS FORD RD,MNZ01,Planned,,Proffer,BLD2024-06291,Pending,566280,Yes,,299666,d3d1ac93-fcaa-4ff1-8aa1-b7f977b4bccb,,,RFH7157A,2026/02/02 05:16:47+00,,,,,,
11757933.6627118,6975461.70441242,74,{F6C36936-E06B-427F-AFD1-CE0502836C7A},7597-85-1215,Microsoft Azure MNZ02,,11324 BALLS FORD RD,MNZ02,Planned,,Proffer,,Planned,566280,Yes,,,,,,RFH7157A,2026/02/02 05:16:47+00,,,,,,
11759964.2035983,6975436.42001417,75,{7A899C6C-7EC6-4DC8-8372-515B72DB93DB},7597-95-8953,Aligned Data Centers IAD05,P759701609,10920 BALLS FORD RD,IAD05,Planned,,Proffer,,Planned,1275141,Yes,,,,,,RFH7157A,2026/01/22 23:41:27+00,1275141,,,,,
11744497.1354511,6973672.93141517,76,{A42E6743-D382-464E-B815-B93B27BDB814},7497-43-7416,Microsoft Azure 3,P633199165,13490 UNIVERSITY BLVD,3,Planned,,Estimated,,Planned,425459,Yes,,,,,,RFH7157A,2026/02/02 05:16:47+00,,,,,,
11744600.2566359,6971804.83410151,77,{328FE6C8-5807-4B7F-BC04-F87760F7C4F6},7497-41-7199,Amazon AWS IAD B,P62934836,7725 DEACON FALLS DR,B,Under Construction,,Estimated,BLD2022-05922,Issued,318739,Yes,,258716,c20554b9-17a3-4a2e-ab27-453450f1f9d1,,,RFH7157A,2026/02/02 05:16:47+00,,,,,,
11743337.0354091,6972555.83883309,78,{B7B799BC-88A9-4389-A016-B5AC5FB55245},7497-32-5305,Amazon AWS IAD B,P230300369,13225 SKYLARK VIEW WAY,IAD B,Planned,,Estimated,,Planned,634891,Yes,,,,,,RFH7157A,2026/02/02 05:16:47+00,,,,,,
11747086.4032384,6972334.93704392,79,{3CB01682-877E-401F-8781-2ADBDB4A91AA},7497-61-8568,Google Bristow 2,,6201 WELLINGTON RD,2,Planned,,Estimated,,Planned,350000,Yes,,,,,,,,,,,,,
11746500.2036234,6971373.68338901,80,{127849A0-E7AB-4852-8557-A73832518EA5},7497-61-8568,Google Bristow 3,,6201 WELLINGTON RD,3,Planned,,Estimated,,Planned,350000,Yes,,,,,,,,,,,,,
11746297.6180706,6970526.86487268,81,{F9247893-200B-4672-A363-C435F549657E},7497-61-8568,Google Bristow 5,,6201 WELLINGTON RD,5,Planned,,Estimated,,Planned,350000,Yes,,,,,,,,,,,,,
11746316.0232175,6972958.83769901,82,{8839B163-02E3-4CD3-90FB-0DCC59E41714},7497-61-8568,Google Bristow 1,,6201 WELLINGTON RD,1,Planned,,Estimated,,Planned,350000,Yes,,,,,,,,,,,,,
11744415.6575957,6976611.8996186,83,{D388F7DA-0138-43E7-B08D-97C4ADD1C8DB},7497-46-2858,Corscale Gainesville Crossing 1,P729354965,13760 UNIVERSITY BLVD,GCDC1,Completed,2024,Proffer,BLD2021-08185,Finaled,600000,No,2024/05/24 00:00:00+00,482223,2fadb699-9f93-441e-9638-2aa5df369eca,,,RFH7157A,2026/03/10 14:33:08+00,600000,,482223,REZ2018-00008,GAINESVILLE CROSSING,e84871aa-43c8-4189-9b23-16244c45106e
11744927.2697614,6975545.24689625,84,{0BEA01F3-D04D-4B96-9575-27B9B03D28F2},7497-45-9757,Corscale Gainesville Crossing 3,P221200019,13720 UNIVERSITY BLVD,GCDC3,Under Construction,,Proffer,BLD2024-07030,Issued,600000,No,,363220,20ce9262-bd0f-447c-92fe-41d42a1adc8a,,,RFH7157A,2026/03/10 14:33:08+00,600000,,363220,REZ2018-00008,GAINESVILLE CROSSING,e84871aa-43c8-4189-9b23-16244c45106e
11745794.7968978,6977045.33772808,85,{50EF89A8-391E-407F-990D-073521DBBB6B},7497-57-7904,Corscale Gainesville Crossing 5,P240900167,13750 UNIVERSITY BLVD,GCDC5,Planned,,Proffer,,Planned,600000,No,,,,,,RFH7157A,2026/03/10 14:33:08+00,600000,,,REZ2018-00008,GAINESVILLE CROSSING,e84871aa-43c8-4189-9b23-16244c45106e
11745775.8756758,6975960.29462259,86,{0CF1CEBA-6211-4C6D-A01F-C2DF7EA88248},7497-55-7796,Corscale Gainesville Crossing 4,P240900166,13746 UNIVERSITY BLVD,GCDC4,Pending,,Proffer,BLD2026-04211,Pending,600000,No,,326208,1c21a374-413e-41de-a32f-893ec49d4206,,,RFH7157A,2026/03/10 14:33:08+00,600000,,,REZ2018-00008,GAINESVILLE CROSSING,e84871aa-43c8-4189-9b23-16244c45106e
11744134.1801403,6975675.2614,87,{58F50BE6-EE06-4070-A1E2-214ECEA73186},7497-45-3874,Corscale Gainesville Crossing 2,P221200018,13710 UNIVERSITY BLVD,GCDC2,Under Construction,,Proffer,BLD2023-02498,Issued,600000,No,,480000,bb750b17-4600-4148-8ae8-200e846cb8a8,,,RFH7157A,2026/03/10 14:33:08+00,600000,,482200,REZ2018-00008,GAINESVILLE CROSSING,e84871aa-43c8-4189-9b23-16244c45106e
11756676.6560395,6964803.96522926,88,{EB87F2AE-8684-48D5-AB2A-60CD8F5804FF},7596-64-6285,Iron Mountain Data Center VA-10,P230900019,11451 ELEVATE DR,VA10,Completed,2025,,BLD2024-02696,Finaled,0,Yes,2025/06/26 00:00:00+00,33574,07785d7f-224d-49f2-a795-61db13d15b6b,,,PLANNING,2026/02/26 16:40:06+00,,,33574,,,
11748254.6505738,6968384.56075834,89,{62DB7C0E-FD44-448D-BDE0-3D7A478EF8BB},7496-88-1217,Microsoft Azure MNZ03,P230600481,13060 HANSEN FARM RD,MNZ03,Under Construction,,Proffers,BLD2023-07492,Issued,495709,Yes,,312931,975ee410-8d79-4c4b-97be-8d4562a59b66,,,RFH7157A,2026/02/02 06:04:56+00,,,312931,,,
11748073.8376153,6967975.33847967,90,{5108369B-C77A-46E7-9DC2-6AAAACB82047},7496-88-1217,Microsoft Azure MNZ04,P241000095,13062 HANSEN FARM RD,MNZ04,Planned,,Proffers,<Null>,Planned,495709,Yes,,,,,,RFH7157A,2026/02/02 06:04:56+00,,,,,,
11747958.033713,6967626.34147425,91,{D63187E2-33AC-495F-89A0-6CA3815F29DA},7496-88-1217,Microsoft Azure MNZ05,P241000096,13064 HANSEN FARM RD,MNZ05,Planned,,Proffers,<Null>,Planned,495709,Yes,,,,,,RFH7157A,2026/02/02 06:04:56+00,,,,,,
11747807.3306023,6967299.55341393,92,{4CBF5ECF-0188-4F2A-8D5C-DBE553ED881B},7496-88-1217,Microsoft Azure MNZ06,P241000097,13066 HANSEN FARM RD,MNZ06,Planned,,Proffers,<Null>,Planned,495709,Yes,,,,,,RFH7157A,2026/02/02 06:04:56+00,,,,,,
11744554.2399957,6966944.7217745,93,{E41E2C6F-BFA7-469D-A6EC-1033683DCB8A},7496-47-2405,Yondr Bristow Campus Building 1,P934364181,13051 ROLLINS FORD RD,1,Under Construction,,,BLD2022-03616,Issued,0,Yes,,324580,e40da1c9-fa6a-49d7-94cd-085ed48b5caf,,,RFH7157A,2026/02/02 03:40:53+00,,,,,,
11743840.4855177,6966602.81530608,94,{7BFBB655-7B13-4A0D-8B34-D2EF41006E5C},7496-47-2405,Yondr Bristow Campus Building 2,P220700501,13085 ROLLINS FORD RD,2,Completed,2025,,BLD2023-01345,Finaled,0,Yes,2025/06/24 00:00:00+00,288530,747220f2-0b31-4b69-b011-f6a5a892ce94,,,PLANNING,2026/02/26 16:40:06+00,,,288530,,,
11743549.9460725,6968130.43331383,95,{53E64FD6-6EEA-4BA6-B689-F2F2DB7BE8DA},7496-47-2405,Yondr Bristow Campus Building 3,P221100005,13040 ROLLINS FORD RD,3,Under Construction,,,BLD2023-04428,Issued,0,Yes,,288530,d8c38528-a24b-4fd6-9cd3-f9e9d7847a67,,,RFH7157A,2026/02/02 03:45:47+00,,,288530,,,
11740876.4248448,6967622.28538001,96,{DC8DFBE7-BCC3-4024-95E5-07B1AFC0F7C8},7496-07-8757,Digital Realty VA4,P749600030,8217 LINTON HALL RD,VA4,Completed,2002,,BLD2001-04142,Finaled,345968,Yes,2002/11/06 00:00:00+00,296000,30f91877-942c-4458-b223-eb006664011d,,,RFH7157A,2026/03/11 12:17:08+00,345968,,227465,REZ1958-0021,BOCS,7b3b0a5f-c395-47c0-99c0-eb53f411acb3
11733120.1431133,6976622.42026684,97,{97DC5D52-6C1B-4FDB-B507-2E475F73D0AD},7397-36-1468,Village Place Technology Park Bldg 4,P279453322,14495 JOHN MARSHALL HWY,4,Under Construction,,,BLD2023-01296,Issued,0,No,,252966,c7d90ea4-b26e-4aeb-91e4-9feeba561cc5,,,RFH7157A,2026/02/02 03:45:47+00,,,252966,,,
11733426.1326587,6976286.48261851,98,{5B49EE9D-1380-4D80-A059-ADC80A805E3E},7397-36-2834,Village Place Technology Park Bldg 3,P370281578,14475 JOHN MARSHALL HWY,3,Under Construction,,,BLD2023-04861,Issued,0,No,,253470,b65933a0-cd7e-4654-923f-ddc0bf1ad015,,,RFH7157A,2026/02/02 03:45:47+00,,,253470,,,
11733620.1430975,6976091.17034508,99,{7EC0611D-58D8-44A7-A4DC-4E1FFB249EA3},7397-35-5597,Village Place Technology Park Bldg 2,P149551190,14455 JOHN MARSHALL HWY,2,Under Construction,,,BLD2023-07720,Issued,0,No,,253816,864d00a9-f7b3-486b-b319-5306ed797dbe,,,RFH7157A,2026/02/02 03:45:47+00,,,253816,,,
11733691.7577837,6975532.57631792,100,{21FC1137-FAE1-4085-B6CE-60F2E221812E},7397-35-8363,Village Place Technology Park Bldg 1,P212840159,14435 JOHN MARSHALL HWY,1,Under Construction,,,BLD2024-03062,Issued,0,No,,217917,8527617c-9917-47fb-a807-7a34bb4c1ba3,,,RFH7157A,2026/02/02 03:45:47+00,,,217917,,,
11736555.233684,6975553.84399192,101,{0AD393F1-8659-4602-ADBD-599684D1233A},7397-56-8403,NTT Grove at Gainesville VA10,P230300366,7253 GROVE HILL BLVD,NTTVA10,Under Construction,,Proffer,BLD2023-05471,Issued,739420,No,,560942,357b9311-fd43-4c5c-933b-1bb68c7f9e24,,,RFH7157A,2026/02/02 06:49:39+00,,,560942,,,
11735775.2605064,6975985.50848292,102,{7F9F6148-D723-4F16-8EBF-B22AD695FB4D},7397-56-8403,NTT Grove at Gainesville VA12,P230300367,7250 GROVE HILL BLVD,NTTVA12,Planned,,Proffer,,Planned,739420,No,,,,,,RFH7157A,2026/02/02 06:49:39+00,,,,,,
11735174.5769965,6976545.05526409,103,{23A78CF7-D180-4294-A0C3-2387EF42CCB1},7397-56-8403,NTT Grove at Gainesville VA13,P230600613,7151 CATHARPIN RD,NTTVA13,Planned,,Proffer,,Planned,739420,No,,,,,,RFH7157A,2026/02/02 06:49:39+00,,,,,,
11736174.1780157,6975780.095836,104,{3517EF61-9810-4640-B5D0-D4F254B4BFFA},7397-56-8403,NTT Grove at Gainesville VA11,P230300365,7251 GROVE HILL BLVD,NTTVA11,Under Construction,,Proffer,BLD2025-04670,Issued,739420,No,,580498,9053787d-d59c-4282-a0c3-a587aad40bf6,,,RFH7157A,2026/02/02 06:49:39+00,,,580498,,,
11725501.8223919,6981185.97544417,105,{9CEEBCE5-3CBE-43BF-B0A1-62831078BF47},7298-51-5907,Amazon AWS IAD-55,P729800698,15395 JOHN MARSHALL HWY,IAD55,Completed,2014,,BLD2014-01766,Finaled,0,No,2014/07/29 00:00:00+00,230150,925d0843-100c-42cb-a96c-5af416e9a4bd,,,PLANNING,2026/02/26 16:40:06+00,,,236082,,,
11724514.8427386,6981641.85314134,106,{F219B0F4-AC74-4BE2-82C1-16C2BD73D672},7298-41-4524,Amazon AWS IAD 15445 John Marshall,P836331163,15445 JOHN MARSHALL HWY,3,Completed,2024,,BLD2022-07765,Finaled,0,No,2024/11/05 00:00:00+00,141592,801e0b5d-c422-46aa-ba73-36a5a3ccb89a,,,PLANNING,2026/02/26 16:40:06+00,,,141592,,,
11724302.6413913,6981003.26517968,107,{A50806C3-7CEC-44BF-93C5-42FE4BB172E4},7298-41-4524,Amazon AWS IAD-64,P949071156,15465 JOHN MARSHALL HWY,IAD64,Completed,2017,,BLD2016-04280,Finaled,0,No,2017/10/26 00:00:00+00,147187,c716c72f-806b-487a-9845-e011cb114220,,,PLANNING,2026/02/26 16:40:06+00,,,147187,,,
11724425.6959353,6981310.87053558,108,{20959458-7439-477F-98C9-A1B34D3D5F30},7298-41-4524,Amazon AWS IAD-84,P852756223,15455 JOHN MARSHALL HWY,IAD84,Completed,2023,,BLD2018-06209,Finaled,0,No,2023/07/11 00:00:00+00,147187,5c8effa1-fcc9-407c-a57c-ef605179d4ec,,,PLANNING,2026/02/26 16:40:06+00,,,147187,,,
11723922.7655107,6980805.07627159,109,{B9F5D4E6-5318-444E-885E-1554965FDDA9},7298-41-4524,Amazon AWS IAD-64 Ext,P789895457,15475 JOHN MARSHALL HWY,IAD64-Ext,Completed,2021,,BLD2020-04888,Finaled,0,No,2021/11/26 00:00:00+00,17421,48ca25e4-6fd0-4030-bad6-a1fcfc613fa9,,,PLANNING,2026/02/26 16:40:06+00,,,17421,,,
11755037.1599747,6964504.04949051,110,{F60D0965-C91D-4A50-8B9F-0CAB3484FDE6},7596-54-4132,Wellington Glen Technology Park,P759604075,11750 STONE CROP DR,1,Planned,,Proffer,,Planned,475000,Yes,,,,,,RFH7157A,2026/01/22 23:41:27+00,475000,,,,,
11745190.2062434,6971870.57150283,111,{5AB77E0A-DBCA-44C4-8B26-8E647654D079},7497-41-7199,Amazon AWS IAD A,P902012612,7751 DEACON FALLS DR,A,Under Construction,,Estimated,BLD2024-05622,Issued,318739,Yes,,248483,23ed55f4-eb87-4e07-bd74-f76e9d6dcbda,,,RFH7157A,2026/02/02 05:16:47+00,,,,,,
11744697.5923993,6972250.20591417,112,{754D7A03-6BBA-4635-BBAE-999D63A5E050},7497-41-7199,Amazon AWS IAD C,P178254722,7701 DEACON FALLS DR,C,Planned,,Estimated,BLD2026-00592,Pending,318739,Yes,,218391,efe60f3b-cbea-47b3-ad7e-638e5fb82f89,,,RFH7157A,2026/02/02 05:16:47+00,,,,,,
11744734.1999376,6972521.04723601,113,{D991A19A-F629-4D12-868E-64914455AA10},7497-41-7199,Amazon AWS IAD D,P584857546,7675 DEACON FALLS DR,D,Planned,,Estimated,BLD2026-00593,Pending,318739,Yes,,218391,afa479db-5f92-4109-93a8-8e01cf4c57c1,,,RFH7157A,2026/02/02 05:16:47+00,,,,,,
11742868.5934326,6972729.74202859,114,{190EC7C2-0394-4F75-9106-ED9C58C0DD10},7497-32-5305,Amazon AWS IAD A,P230300370,13235 SKYLARK VIEW WAY,IAD A,Planned,,Estimated,,Planned,634891,Yes,,,,,,RFH7157A,2026/02/02 05:16:47+00,,,,,,
11743773.8419502,6973937.70844467,115,{5E14CB5A-ADA7-42B2-9C79-D16D06B55FDA},7497-43-7416,Microsoft Azure 1,P633199165,13490 UNIVERSITY BLVD,1,Planned,,Estimated,,Planned,425459,Yes,,,,,,RFH7157A,2026/02/02 05:16:47+00,,,,,,
11745501.3509623,6973311.28482875,116,{37403476-F0EF-4D1F-9639-A589D1C197DF},7497-43-7416,Microsoft Azure 6,P633199165,13490 UNIVERSITY BLVD,6,Planned,,Estimated,,Planned,425459,Yes,,,,,,RFH7157A,2026/02/02 05:16:47+00,,,,,,
11744183.9234791,6973795.63294142,117,{723A8D35-647C-4EB4-902A-4CDBF634E7A3},7497-43-7416,Microsoft Azure 2,P633199165,13490 UNIVERSITY BLVD,2,Planned,,Estimated,,Planned,425459,Yes,,,,,,RFH7157A,2026/02/02 05:16:47+00,,,,,,
11745155.8490287,6973433.98635501,118,{7699F220-EB7E-4892-BE6F-C03FF5B105E6},7497-43-7416,Microsoft Azure 5,P633199165,13490 UNIVERSITY BLVD,5,Planned,,Estimated,,Planned,425459,Yes,,,,,,RFH7157A,2026/02/02 05:16:47+00,,,,,,
11744852.3240452,6973540.54290043,119,{D41D835F-6862-4635-B0A7-C793385EE1D5},7497-43-7416,Microsoft Azure 4,P633199165,13490 UNIVERSITY BLVD,4,Planned,,Estimated,,Planned,425459,Yes,,,,,,RFH7157A,2026/02/02 05:16:47+00,,,,,,
11747004.7331262,6971026.81925334,120,{FED4B526-AE8A-463D-90C8-C663DEEA54B9},7497-61-8568,Google Bristow 4,,6201 WELLINGTON RD,4,Planned,,Estimated,,Planned,350000,Yes,,,,,,,,,,,,,
11746971.3125893,6964132.04301667,121,{709ACF72-F7D3-4FFA-9F4E-23E4FAD5A3F4},7496-63-4453,Devlin Technology Park 2,,9000 DEVLIN RD,DTP2,Planned,,Proffer,,Planned,440648,Yes,,,,,,RFH7157A,2026/02/02 06:32:31+00,441250,,,,,
11746343.1143707,6964366.07765359,122,{624BFFB6-EE07-4DB6-883D-5CB8C2EDE58E},7496-63-4453,Devlin Technology Park 1,,9000 DEVLIN RD,DTP1,Planned,,Proffer,,Planned,440648,Yes,,,,,,RFH7157A,2026/02/02 06:32:31+00,441250,,,,,
11746638.737139,6963208.22202967,123,{75AC283C-D3BF-413A-82A5-3C8EBF8CA4C3},7496-63-4453,Devlin Technology Park 4,,9000 DEVLIN RD,DTP4,Planned,,Proffer,,Planned,440648,Yes,,,,,,RFH7157A,2026/02/02 06:32:31+00,441250,,,,,
11746010.5389203,6963442.25666659,124,{F8BE2857-5D8A-4144-A511-F15AAED1924C},7496-63-4453,Devlin Technology Park 3,,9000 DEVLIN RD,DTP3,Planned,,Proffer,,Planned,440648,Yes,,,,,,RFH7157A,2026/02/02 06:32:31+00,441250,,,,,
11746343.1143707,6962382.94185609,125,{2A50BB6E-0B8C-45FC-9EA6-0418FD199809},7496-63-4453,Devlin Technology Park 6,,9000 DEVLIN RD,DTP6,Planned,,Proffer,,Planned,440648,Yes,,,,,,RFH7157A,2026/02/02 06:32:31+00,441250,,,,,
11745714.916152,6962616.976493,126,{EA96F66E-7BE4-4D9E-8A41-34A6E9754ABC},7496-63-4453,Devlin Technology Park 5,,9000 DEVLIN RD,DTP5,Planned,,Proffer,,Planned,440648,Yes,,,,,,RFH7157A,2026/02/02 06:32:31+00,441250,,,,,
11745985.9034709,6961520.70867242,127,{0637FC84-6F89-43D8-956D-FF70233FF83D},7496-63-4453,Devlin Technology Park 8,,9000 DEVLIN RD,DTP8,Planned,,Proffer,,Planned,440648,Yes,,,,,,RFH7157A,2026/02/02 06:32:31+00,441250,,,,,
11745357.7052523,6961754.74330933,128,{8085AF70-41E0-4884-8A8F-CCEB00F917B1},7496-63-4453,Devlin Technology Park 7,,9000 DEVLIN RD,DTP7,Planned,,Proffer,,Planned,440648,Yes,,,,,,RFH7157A,2026/02/02 06:32:31+00,441250,,,,,
11760968.5578888,6959042.38128,129,{FF20DE69-9E1E-42A1-81AA-6885D2062B03},7695-09-7902,Innovation on the Parkway,P769500002,11101 UNIVERSITY BLVD,1,Planned,,Proffer,,Planned,576952,Yes,,,,,,RFH7157A,2026/01/22 23:41:27+00,576952,,,,,
11769369.4771105,6945142.50455226,130,{913C10F5-CD08-4906-BE83-9DDDB864A543},7694-95-2326.00,CloudHQ Manassas Corporate Center 6B,,10910 AIRMAN AVE,MCC6B,Planned,,Proffer,,Planned,317944,Yes,,,,,,RFH7157A,2026/02/02 07:11:36+00,,,,,,
11769107.0248795,6945264.43114567,131,{D75BE08A-DA27-485B-9717-A457549E4D59},7694-95-2326.00,CloudHQ Manassas Corporate Center 6C,,10910 AIRMAN AVE,MCC6C,Planned,,Proffer,,Planned,317944,Yes,,,,,,RFH7157A,2026/02/02 07:11:36+00,,,,,,
11793563.4224889,6915454.70172326,132,{D0AE703A-6379-41A8-BB78-71F9235A88A4},7991-45-0874,Amazon Colchester Industrial Park 1,,14901 DUMFRIES RD,1,Planned,,Proffer,,Planned,465840,Yes,,,,,,RFH7157A,2026/02/02 03:54:42+00,221572,,,,,
11793346.8904417,6914515.81219684,133,{629EEB0D-6BA0-492D-BF5E-DD92739AF7B8},7991-45-0874,Amazon Colchester Industrial Park 2,,14901 DUMFRIES RD,2,Planned,,Proffer,,Planned,465840,Yes,,,,,,RFH7157A,2026/02/02 03:54:42+00,221572,,,,,
11793823.6709842,6914243.36621942,134,{7B0C5AF6-C58C-4E57-9F53-A94A806E17E5},7991-45-0874,Amazon Colchester Industrial Park 3,,14901 DUMFRIES RD,3,Planned,,Proffer,,Planned,465840,Yes,,,,,,RFH7157A,2026/02/02 03:54:42+00,221572,,,,,
11786957.8917368,6918476.92041634,135,{515BE4CE-5E6B-4B23-8BB7-F552D0761E31},7891-69-0322,Amazon Parsons Business Park 5,,14237 DUMFRIES RD,5,Planned,,Proffer,,Planned,375282,Yes,,,,,,RFH7157A,2026/01/22 23:41:27+00,375282,,,,,
11786031.1143908,6919199.71818334,136,{CAEF099E-6958-40D3-8960-814692691755},7891-69-0322,Amazon Parsons Business Park 3,,14237 DUMFRIES RD,3,Planned,,Proffer,,Planned,375282,Yes,,,,,,RFH7157A,2026/01/22 23:41:27+00,375282,,,,,
11786474.5485433,6918836.10211267,137,{EBF766CB-E52C-4023-BC85-0B1AF5AE6882},7891-69-0322,Amazon Parsons Business Park 4,,14237 DUMFRIES RD,4,Planned,,Proffer,,Planned,375282,Yes,,,,,,RFH7157A,2026/01/22 23:41:27+00,375282,,,,,
11785556.6399461,6919745.14228934,138,{E7098BC6-F433-48D1-B046-D2B596B68051},7891-69-0322,Amazon Parsons Business Park 2,,14237 DUMFRIES RD,2,Planned,,Proffer,,Planned,375282,Yes,,,,,,RFH7157A,2026/01/22 23:41:27+00,375282,,,,,
11785392.56908,6920197.44486243,139,{20ECBBA0-A036-46A6-8214-60B1E286A3A9},7891-69-0322,Amazon Parsons Business Park 1,,14237 DUMFRIES RD,1,Planned,,Proffer,,Planned,375282,Yes,,,,,,RFH7157A,2026/01/22 23:41:27+00,375282,,,,,
11733039.1478684,6974399.22195734,140,{ADF38910-8DEE-482F-A481-3BC565DFC1AD},7397-34-3968,Gardner Property 4,,14414 MCGRAWS CORNER DR,GP4,Pending,,Estimated,,,616620,No,,,,,,JBM6859A,2026/02/02 13:27:53+00,,,,,,
11764587.3679083,6965589.372123,141,{067298F7-061A-406F-80A5-9AD4A3EBC945},7696-46-3403,Ashton Data Center 1,P240100001,8552 ASHTON AVE,ADC1,Pending,,Proffer,,,300000,Yes,,,,,,RFH7157A,2026/03/09 13:55:31+00,300000,,,REZ2022-00031,ASHTON DATA CENTER,f322379d-0301-4028-9ba5-e23724a6cb51
11790370.2264475,6914882.24092592,142,{88550F42-0084-442A-B9E2-65EA04D67F13},7991-04-7237,Potomac Technology Park 1,,14854 DUMFRIES RD,PTP1,Pending,,Proffer,,,585160,No,,,,,,RFH7157A,2026/03/09 13:55:31+00,585160,,,REZ2022-00015,Potomac Technology Park,61c4d6bd-7ac7-41d5-8d7b-f554a223316b
11746925.8149769,6969032.36687742,143,{C646AC20-6084-4EC5-9875-7F7A7628D347},7496-68-8838,Piney Branch 1,P643243415,8101 PINEY BRANCH LN,PB1,Planned,,Proffers,,Planned,495709,Yes,,,,,,RFH7157A,2026/02/02 06:04:56+00,,,,,,
11746587.2638168,6968408.53151092,144,{750194C7-FEDD-44D2-8B14-2EDC9E836FAB},7496-68-8838,Piney Branch 2,P594439834,8121 PINEY BRANCH LN,PB2,Planned,,Proffers,,Planned,495709,Yes,,,,,,RFH7157A,2026/02/02 06:04:56+00,,,,,,
11744715.2317997,6992420.65146559,145,{A01665CA-0898-4FE2-A526-598AFA42C7FA},,Digital Gateway North,,,,Planned,,Proffer,,Planned,583333,No,,,,,,RFH7157A,2026/02/04 02:48:12+00,3500000,,,,,
11747254.7906969,6990825.11659892,146,{63D51C07-FA87-4ADC-9437-F512ABF3F8AD},,Digital Gateway North,,,,Planned,,Proffer,,Planned,583333,No,,,,,,RFH7157A,2026/02/04 02:48:12+00,3500000,,,,,
11747786.0317604,6989344.79016325,147,{36342CBB-7840-4711-86B7-E9868CC617DD},,Compass Datacenters PWC,,,,Planned,,Proffer,,Planned,679718,No,,,,,,RFH7157A,2026/02/04 02:37:31+00,2888800,,,,,
11745909.1555929,6990080.8470901,148,{496D7975-4FF9-4BA8-8787-ABB6EFA633EC},,Compass Datacenters PWC,,,,Planned,,Proffer,,Planned,679718,No,,,,,,RFH7157A,2026/02/04 02:37:31+00,2888800,,,,,
11748581.7867306,6985063.64846309,149,{35FE0DF4-F480-4F33-ABE4-F1BA7C8F3F81},,Digital Gateway South,,,,Planned,,Proffer,,Planned,462500,No,,,,,,RFH7157A,2026/02/04 02:55:54+00,1850000,,,,,
11744117.9537948,6985940.49054143,150,{86C361DA-AA01-4261-878B-6E4D97D9AC3C},,Compass Datacenters PWC,,,,Planned,,Proffer,,Planned,679718,No,,,,,,RFH7157A,2026/02/04 02:37:31+00,2888800,,,,,
11746431.0699034,6981406.94186576,151,{E37D4C2B-18DF-4A5A-8277-8ED16894E25D},,Digital Gateway South,,,,Planned,,Proffer,,Planned,462500,No,,,,,,RFH7157A,2026/02/04 02:55:54+00,1850000,,,,,
11745474.3572499,6993556.57307826,152,{837706D1-899A-4361-9079-D41DE1988EFE},,Compass Datacenters PWC,,,,Planned,,Proffer,,Planned,679718,No,,,,,,RFH7157A,2026/02/04 02:37:31+00,2888800,,,,,
11764324.4488147,6977683.72555892,153,{F053D3B0-ED67-4DD0-8BB4-391B168D4A1B},7697-47-3772,Verizon Manassas 7777 Infantry Ridge,P769700173,7777 INFANTRY RIDGE RD,Verizon,Completed,2002,,BLD2026-02975,Finaled,0,Yes,2002/06/04 00:00:00+00,226527,84ba87a3-9a65-4c98-9db6-efbf27a5f70b,,,PLANNING,2026/02/26 16:40:06+00,,,227465,,,
11764790.1312823,6977121.73160417,154,{05570202-E5B4-49C0-B781-5A5110C2D15D},7697-47-7005,Equinix Manassas DC14,P769700235,7400 INFANTRY RIDGE RD,DC14,Completed,2009,,BLD2006-05319,Finaled,0,Yes,2009/10/23 00:00:00+00,109800,4dd5f1a2-9035-42b3-ac92-01c59eb47dde,,,PLANNING,2026/02/26 16:40:06+00,,,109800,,,
11733925.5575129,6974266.67202559,155,{CD7984A0-9A2B-40D7-9939-62F5AC3A3473},7397-34-3968,Gardner Property 5,,14414 MCGRAWS CORNER DR,GP5,Pending,,Estimated,,,350000,No,,,,,,JBM6859A,2026/02/02 13:27:53+00,,,,,,
11732917.8124812,6974811.36319342,156,{9379CC92-7FDC-497A-85FC-B81BB2CBC839},7397-34-3968,Gardner Property 3,,14414 MCGRAWS CORNER DR,GP3,Pending,,Estimated,,,500000,No,,,,,,JBM6859A,2026/02/02 13:27:53+00,,,,,,
11732806.6119162,6975161.12857001,157,{06ADBF39-5CBC-4A7F-930B-7AA99AE88FAE},7397-34-3968,Gardner Property 2,,14414 MCGRAWS CORNER DR,GP2,Pending,,Estimated,,,350000,No,,,,,,JBM6859A,2026/02/02 13:27:53+00,,,,,,
11732700.564228,6975527.00415058,158,{DC653DC2-3215-4231-A54B-FB949802EA3D},7397-34-3968,Gardner Property 1,,14414 MCGRAWS CORNER DR,GP1,Pending,,Estimated,,,200000,No,,,,,,JBM6859A,2026/02/02 13:27:53+00,,,,,,
11750039.5000225,6968701.06307809,160,{B39CA268-1B67-471C-851F-B8AA61FBF50E},7596-08-1375,Project Well North,P759600135,6894 WELLINGTON RD,PWN,Pending,,Estimated,,,334966,Yes,,,,,,RFH7157A,2026/03/09 13:55:31+00,336000,,,REZ2025-00026,Project Well,f91d05d2-9f16-4321-8d9d-8c28831b0c2d
11749876.6381435,6967866.89151809,161,{FFE1CF5A-966D-4FA8-BDFC-7FB541B49AE5},7496-97-8786,Project Well South,P251118064,8019 DEVLIN RD,PWS,Pending,,Estimated,,,334966,Yes,,,,,,RFH7157A,2026/03/09 13:55:31+00,336000,,,REZ2025-00026,Project Well,f91d05d2-9f16-4321-8d9d-8c28831b0c2d
11763916.3804052,6966564.78946351,162,{292E2162-FB16-4E09-BCBC-5649E844C825},7696-46-3403,Ashton Data Center 2,,8552 ASHTON AVE,ADC2,Pending,,Proffer,,,300000,Yes,,,,,,RFH7157A,2026/03/09 13:55:31+00,300000,,,REZ2022-00031,ASHTON DATA CENTER,f322379d-0301-4028-9ba5-e23724a6cb51
11742252.4473552,6965072.72322193,163,{EC7C4253-5C77-40C9-81D2-0120AA78F758},7496-25-7319,Hunter Property 1,P240500006,8510 NIMBUS PL,1,Planned,,Proffer,,Planned,427040,Yes,,,,,,RFH7157A,2026/02/02 06:22:20+00,,,,,,
11742611.9476204,6965829.38509442,164,{151CDFFF-84A9-4B0F-9EAF-23EEE75B1650},7496-25-7319,Hunter Property 2,P240500007,8505 NIMBUS PL,2,Planned,,Proffer,,Planned,427040,Yes,,,,,,RFH7157A,2026/02/02 06:22:20+00,,,,,,
11743351.4904327,6965411.68022117,165,{3D5629C4-026F-4BAA-96AF-8873EEC75CB5},7496-25-7319,Hunter Property 7,P240500008,8545 NIMBUS PL,7,Planned,,Proffer,,Planned,427040,Yes,,,,,,RFH7157A,2026/02/02 06:22:20+00,,,,,,
11743132.3665271,6965168.58982809,166,{1DD12BE4-BC4B-4728-98D8-A2845B1199F4},7496-25-7319,Hunter Property 6,P240500009,8525 NIMBUS PL,6,Planned,,Proffer,,Planned,427040,Yes,,,,,,RFH7157A,2026/02/02 06:22:20+00,,,,,,
11742889.276134,6964791.97083068,167,{E14EAA7F-4C71-43D7-9D7D-6BEDB5528C02},7496-25-7319,Hunter Property 5,P240500010,8530 NIMBUS PL,5,Planned,,Proffer,,Planned,427040,Yes,,,,,,RFH7157A,2026/02/02 06:22:20+00,,,,,,
11742700.9664713,6964600.23729025,168,{EEAE6957-43D6-4ABA-8B6B-34A81BB773CA},7496-25-7319,Hunter Property 4,P240500011,8550 NIMBUS PL,4,Planned,,Proffer,,Planned,427040,Yes,,,,,,RFH7157A,2026/02/02 06:22:20+00,,,,,,
11742420.2144081,6964268.12804633,169,{38E5248B-3482-4D4F-8225-4C5BA574549E},7496-25-7319,Hunter Property 3,P240500012,8570 NIMBUS PL,3,Planned,,Proffer,,Planned,427040,Yes,,,,,,RFH7157A,2026/02/02 06:22:20+00,,,,,,
11744594.3334194,6964281.82322893,170,{6A480DBC-0291-479F-B8FD-C58C6FA8C390},7496-43-8199,Hunter Property 8,P240500013,8650 NIMBUS PL,8,Planned,,Proffer,,Planned,427040,Yes,,,,,,RFH7157A,2026/02/02 06:22:20+00,,,,,,
11744260.2976702,6963530.93890393,171,{C63CDB44-739A-432B-92E2-98B0250EB3D8},7496-43-8199,Hunter Property 9,P240500015,8670 NIMBUS PL,9,Planned,,Proffer,,Planned,427040,Yes,,,,,,RFH7157A,2026/02/02 06:22:20+00,,,,,,
11744640.126963,6963295.55190751,172,{73DC5FF1-B99B-45F1-A294-CAB81D9B3925},7496-43-8199,Hunter Property 10,P240500016,8675 NIMBUS PL,10,Planned,,Proffer,,Planned,427040,Yes,,,,,,RFH7157A,2026/02/02 06:22:20+00,,,,,,
11791057.8759908,6914628.89628826,173,{1021BE4F-5930-45A5-9071-0F3EEBA22F26},7991-04-7237,Potomac Technology Park 2,,14854 DUMFRIES RD,PTP2,Pending,,Proffer,,,585160,No,,,,,,RFH7157A,2026/03/09 13:55:31+00,585160,,,REZ2022-00015,Potomac Technology Park,61c4d6bd-7ac7-41d5-8d7b-f554a223316b
11744876.8830512,6980868.95409659,174,{24C7A4E1-6297-4037-A3F1-7D019B812517},,Digital Gateway South,,,,Planned,,Proffer,,Planned,462500,No,,,,RFH7157A,2026/02/04 01:55:33+00,RFH7157A,2026/02/04 02:55:54+00,1850000,,,,,
11744528.1872263,6981436.82992934,175,{BD3E60CD-6F61-433B-A46E-917E8024FA19},,Digital Gateway South,,,,Planned,,Proffer,,Planned,462500,No,,,,RFH7157A,2026/02/04 01:55:33+00,RFH7157A,2026/02/04 02:55:54+00,1850000,,,,,
11744239.2678566,6981925.00414984,176,{6927F26E-11B1-4D42-9AB3-80E82D169680},,Digital Gateway South,,,,Planned,,Proffer,,Planned,462500,No,,,,RFH7157A,2026/02/04 01:55:33+00,RFH7157A,2026/02/04 02:55:54+00,1850000,,,,,
11748382.5322078,6983758.53001034,177,{EF9F5721-36D1-4DBD-8501-293FB638405C},,Digital Gateway South,,,,Planned,,Proffer,,Planned,462500,No,,,,RFH7157A,2026/02/04 02:00:34+00,RFH7157A,2026/02/04 02:55:54+00,1850000,,,,,
11748512.0476968,6984675.10199609,178,{F4DC706C-F728-4602-9368-A56F383520A6},,Digital Gateway South,,,,Planned,,Proffer,,Planned,462500,No,,,,RFH7157A,2026/02/04 02:00:34+00,RFH7157A,2026/02/04 02:55:54+00,1850000,,,,,
11748472.1967267,6984236.74132426,179,{64146F4D-08E7-4884-9AD2-26190A6ECF56},,Digital Gateway South,,,,Planned,,Proffer,,Planned,462500,No,,,,RFH7157A,2026/02/04 02:00:34+00,RFH7157A,2026/02/04 02:55:54+00,1850000,,,,,
11744729.9765208,6991359.81894159,180,{9AB9AB25-26B7-4BF6-9A85-E225FC941619},,Digital Gateway North,,,,Planned,,Proffer,,Planned,583333,No,,,,RFH7157A,2026/02/04 02:03:29+00,RFH7157A,2026/02/04 02:48:12+00,3500000,,,,,
11745316.5826311,6991366.19524117,181,{E05BCCA7-2075-4353-B6F9-07EB2043BFA3},,Digital Gateway North,,,,Planned,,Proffer,,Planned,583333,No,,,,RFH7157A,2026/02/04 02:03:29+00,RFH7157A,2026/02/04 02:48:12+00,3500000,,,,,
11747877.6608423,6993703.94942392,182,{D9C2993C-FE7E-4694-8F88-23CB96C6E94D},,Digital Gateway North,,,,Planned,,Proffer,,Planned,583333,No,,,,RFH7157A,2026/02/04 02:03:29+00,RFH7157A,2026/02/04 02:48:12+00,3500000,,,,,
11747369.5611367,6991513.74120592,183,{F5BF3C59-6234-4042-A065-5D134CD57039},,Digital Gateway North,,,,Planned,,Proffer,,Planned,583333,No,,,,RFH7157A,2026/02/04 02:03:29+00,RFH7157A,2026/02/04 02:48:12+00,3500000,,,,,
11748106.8037567,6994530.85656275,184,{78EAE39B-47A4-451D-967C-98287FFB712C},,Digital Gateway North,,,,Planned,,Proffer,,Planned,583333,No,,,,RFH7157A,2026/02/04 02:07:20+00,RFH7157A,2026/02/04 02:48:12+00,3500000,,,,,
11747528.9650173,6992189.61321376,185,{1AE06033-352D-4223-B531-9AF0E650EE94},,Digital Gateway North,,,,Planned,,Proffer,,Planned,583333,No,,,,RFH7157A,2026/02/04 02:07:20+00,RFH7157A,2026/02/04 02:48:12+00,3500000,,,,,
11751095.6248788,6993893.24136817,186,{9CEAFD61-DCEC-4060-B39B-56679084524E},,Digital Gateway North,,,,Planned,,Proffer,,Planned,583333,No,,,,RFH7157A,2026/02/04 02:10:09+00,RFH7157A,2026/02/04 02:48:12+00,3500000,,,,,
11749471.6986647,6994471.08010751,187,{B032B0A7-DF65-45E1-857D-7FAE1219202D},,Digital Gateway North,,,,Planned,,Proffer,,Planned,583333,No,,,,RFH7157A,2026/02/04 02:10:09+00,RFH7157A,2026/02/04 02:48:12+00,3500000,,,,,
11750308.5687101,6994102.4587975,188,{B8625109-D032-4BB4-AC97-4CB8AB0D91F5},,Digital Gateway North,,,,Planned,,Proffer,,Planned,583333,No,,,,RFH7157A,2026/02/04 02:10:09+00,RFH7157A,2026/02/04 02:48:12+00,3500000,,,,,
11750139.2022509,6993066.33422934,189,{1D803BE0-52B0-40C2-AACE-F942DCA57249},,Digital Gateway North,,,,Planned,,Proffer,,Planned,583333,No,,,,RFH7157A,2026/02/04 02:10:09+00,RFH7157A,2026/02/04 02:48:12+00,3500000,,,,,
11745653.6866157,6994114.48666058,190,{D31819F2-4868-4E9E-8C4D-AD0ABE286AC8},,Compass Datacenters PWC,,,,Planned,,Proffer,,Planned,679718,No,,,,RFH7157A,2026/02/04 02:15:13+00,RFH7157A,2026/02/04 02:37:31+00,2888800,,,,,
11744653.0534463,6990163.73701617,191,{7D7A9A43-80F2-4629-87D9-CBF361BC50AE},,Compass Datacenters PWC,,,,Planned,,Proffer,,Planned,679718,No,,,,RFH7157A,2026/02/04 02:17:51+00,RFH7157A,2026/02/04 02:37:31+00,2888800,,,,,
11744710.4388303,6989711.03024442,192,{3EC46A2D-A999-44FD-9226-6F0757DEC74C},,Compass Datacenters PWC,,,,Planned,,Proffer,,Planned,679718,No,,,,RFH7157A,2026/02/04 02:17:51+00,RFH7157A,2026/02/04 02:37:31+00,2888800,,,,,
11746656.3607914,6988715.95218208,193,{0AF925EF-74CA-42A5-8B7D-778184542CD8},,Compass Datacenters PWC,,,,Planned,,Proffer,,Planned,679718,No,,,,RFH7157A,2026/02/04 02:20:29+00,RFH7157A,2026/02/04 02:37:31+00,2888800,,,,,
11746138.2985073,6988436.99539092,194,{E05496BD-99E3-41AF-A3D3-F46098C13F96},,Compass Datacenters PWC,,,,Planned,,Proffer,,Planned,679718,No,,,,RFH7157A,2026/02/04 02:20:29+00,RFH7157A,2026/02/04 02:37:31+00,2888800,,,,,
11744183.3112756,6988182.18159609,195,{C72F072D-45C5-4B51-82E9-4FAB55B36A80},,Compass Datacenters PWC,,,,Planned,,Proffer,,Planned,679718,No,,,,RFH7157A,2026/02/04 02:20:29+00,RFH7157A,2026/02/04 02:37:31+00,2888800,,,,,
11745151.9874878,6987928.89601342,196,{D6C8646B-DC79-4811-BDC7-F05BD7F4BA73},,Compass Datacenters PWC,,,,Planned,,Proffer,,Planned,679718,No,,,,RFH7157A,2026/02/04 02:20:29+00,RFH7157A,2026/02/04 02:37:31+00,2888800,,,,,
11746307.6649665,6985617.540728,197,{8D988927-115B-4940-93D2-7348CFD5FF21},,Compass Datacenters PWC,,,,Planned,,Proffer,,Planned,679718,No,,,,RFH7157A,2026/02/04 02:20:29+00,RFH7157A,2026/02/04 02:37:31+00,2888800,,,,,
11746357.4788433,6986424.52238175,198,{C1C41A1A-9611-4434-B5C9-FE18003D0259},,Compass Datacenters PWC,,,,Planned,,Proffer,,Planned,679718,No,,,,RFH7157A,2026/02/04 02:20:29+00,RFH7157A,2026/02/04 02:37:31+00,2888800,,,,,
11744922.8445734,6986324.89528443,199,{06AA9DBE-661D-4684-8401-16477B9AE36E},,Compass Datacenters PWC,,,,Planned,,Proffer,,Planned,679718,No,,,,RFH7157A,2026/02/04 02:20:29+00,RFH7157A,2026/02/04 02:37:31+00,2888800,,,,,
11743799.1463615,6985591.79471651,200,{3F69B5A3-F878-4F64-BA9A-9AE8A5575545},,Compass Datacenters PWC,,,,Planned,,Proffer,,Planned,679718,No,,,,RFH7157A,2026/02/04 02:28:08+00,RFH7157A,2026/02/04 02:37:31+00,2888800,,,,,
11745093.1687078,6984230.740352,201,{75D0DFB3-D294-45C0-8FD2-B82B9C152DC2},,Compass Datacenters PWC,,,,Planned,,Proffer,,Planned,679718,No,,,,RFH7157A,2026/02/04 02:28:08+00,RFH7157A,2026/02/04 02:37:31+00,2888800,,,,,
11744214.0188913,6984317.57416783,202,{4D653817-9C34-416D-A4ED-B86D75FE8D7F},,Compass Datacenters PWC,,,,Planned,,Proffer,,Planned,679718,No,,,,RFH7157A,2026/02/04 02:28:08+00,RFH7157A,2026/02/04 02:37:31+00,2888800,,,,,
11758423.5367321,6962220.67216751,204,{501958D0-C3F1-4CC4-8B91-8B4194F2EAED},7596-81-5396,Hornbaker Road 2,,9001 HORNBAKER RD,HB2,Planned,,Proffer,,Planned,435760,No,,,,RFH7157A,2026/03/04 16:07:42+00,RFH7157A,2026/04/13 18:07:10+00,435760,,,REZ2025-00014,HORNBAKER ROAD,a0b0e2d0-2ccb-47b1-ab3f-3275db071d01
11769947.9254287,6946003.01431417,205,{56E2A551-6C58-487C-AF4D-B6DBBB522158},7794-06-1635,CloudHQ Manassas Corporate Center 8,,AIRMAN AVE,MCC8,Pending,,Proffer,,,859040,Yes,,,,RFH7157A,2026/03/09 13:32:40+00,RFH7157A,2026/03/09 13:55:31+00,859040,,,REZ2026-00032,Manassas Corporate Center 8,90ca5774-aab1-4185-a26e-d3aa610f23f4
