OBJECTID,ZoningDistrict,CaseNumber,CaseName,EnergovID,RemainingGFA,ChangeTrigger,GISAcreage,MagistDist,GlobalID,CreateUser,CreateDate,LastEditUser,LastEditDate,ProjectStatus,CampusName,PlannedGFA,DCOOD,ShapeSTArea,ShapeSTLength
1,PBD,REZ2022-00036,Compass Datacenters PWC Campus 1,a3bccddf-fb99-4d00-9e2b-41916f8455aa,11555200,1,884.07298313,Gainesville,{AE1F205A-FA23-4285-B26C-73C28C598161},,,RFH7157A,2025/09/19 17:38:02+00,Planned,Compass Datacenters PWC,11555200,No,38510219.1453281,63075.5860685715
2,PBD,REZ2022-00032,Digital Gateway North,b0fcafed-a7f4-4ea1-8f83-e71a94ebf4f9,7000000,1,534.08217907,Gainesville,{E746E948-9853-4A6B-B908-3365AC071520},,,RFH7157A,2025/06/13 19:13:47+00,Planned,Digital Gateway North,7000000,No,23264619.7204101,32389.0118203997
3,PBD,REZ2022-00033,Digital Gateway South,1737b24a-1664-4972-b370-c2436b052e63,3700000,1,341.48694512,Gainesville,{395B3DD8-922A-4070-8A14-ABC49828F028},,,RFH7157A,2025/06/13 19:13:47+00,Planned,Digital Gateway South,3700000,No,14875171.3295148,24239.6758180254
4,PBD,REZ2018-00008,Gainesville Crossing,e84871aa-43c8-4189-9b23-16244c45106e,1499420,1,129.75460809,Gainesville,{DBC2517E-4857-499F-9CAC-57097887B33A},,,,,Under Construction,CorScale Gainesville Crossing,1981643,No,5652187.66586735,9899.99799071069
5,M-2,REZ2020-00011,Gainesville Tech Park,01fffe17-1fdc-46e3-bd5c-f5795320e7e6,1245499,1,93.90447112,Brentsville,{9F24BCFB-0084-40CB-9262-018A3CB6B47F},,,,,Under Construction,Microsoft Azure Gainesville Tech Park,1245499,Yes,4090478.76200404,11225.0617810065
6,M-2,REZ2020-00022,Hunter Property Rezoning,5e3ce4e4-642b-43e6-bb7a-479890b881f5,4010000,1,196.02451409,Brentsville,{307EAC4E-1981-4F96-9D18-B5353B54CD08},,,,,Planned,Hunter Property,4010000,Yes,8538827.83369097,21202.4118078275
7,M-2,REZ2022-00022,Devlin Technology Park,323d298e-a0ad-4dc7-accd-f6b27b404c50,3530000,1,269.68964486,Brentsville,{E47DD13E-C767-4E43-B277-9785EF7CBA04},,,,,Planned,Devlin Technology Park,3530000,Yes,11747674.7821873,16749.7196522158
8,M-1,REZ1958-0021,BOCS,7b3b0a5f-c395-47c0-99c0-eb53f411acb3,1750000,1,181.28706134,Brentsville,{EC42E5F1-B699-4130-AAFC-19E670669292},,,,,Planned,Google Prince William County,1750000,Yes,7896668.59676957,12067.2131775719
9,M-1,REZ1958-0021,BOCS,7b3b0a5f-c395-47c0-99c0-eb53f411acb3,5818876,1,234.35615394,Brentsville,{095F20E7-69BA-46E5-B973-0C912C5201F0},,,RFH7157A,2026/04/02 11:51:12+00,Under Construction,University Business Park,5818876,Yes,10208195.1089567,13923.2602452628
10,PBD,REZ2019-00025,Westview 66,17be9cd0-9800-4877-8c96-5520b706db82,1145989,1,40.54649791,Gainesville,{8B8402BF-FB4E-400D-988B-352A4608E193},,,,,Under Construction,Microsoft Azure Balls Ford Road,1145989,Yes,1766240.72249472,6354.99799620062
11,M-2,REZ2017-00023,Aura Development,635db761-516c-4b17-8de3-4283b79a94da,2138607,1,253.92331949,Brentsville,{8EF763F4-B69E-4ED3-87C8-2A617AB66ED4},,,,,Under Construction,Yondr Bristow,2427137,Yes,11060795.5348208,14353.8256891982
12,M-2,REZ1989-0069,Wellington South,3e7c27b9-d412-4ed3-9db7-33be4a5706d8,0,1,23.49746517,Brentsville,{DAD19FCA-4163-421F-94B1-30B00D4F9C95},,,,,Completed,Amazon Wellington South,297160,Yes,1023549.10083439,4365.54476562757
13,M-2,REZ2020-00021,South Point Phase II,50945ad4-3eb2-48ff-be0f-fbede2cfd419,399966,1,22.21686134,Brentsville,{390A3DDC-0294-4A94-9370-6F4B2BAF41B9},,,,,Under Construction,South Point Phase II,530000,Yes,967787.443283814,4691.73092147212
14,M-2,REZ2016-00024,Bethlehem Technology Park Rezoning,b85539e6-a3d5-42c6-9c56-413bf113335d,0,1,62.19924393,Brentsville,{7421C1DA-30AF-42E4-A522-4DCA7AE9C69F},,,,,Completed,Amazon Bethlehem Technology Park,740000,Yes,2709411.11991686,7367.81730430258
15,M-2 PBD,REZ2021-00022,KH Data Capital Development,354103e8-94d2-4b21-951f-d2daa367973a,516428,1,153.16458695,Brentsville,{EE109240-3F72-4EDA-B37F-AF7DA8347DA1},,,,,Under Construction,Iron Mountain,1953604,Yes,6672005.20826138,19648.7420651994
16,PBD PMD,REZ2021-00014,Wellington Glen Parcel K,9ddac281-a4fb-4bb9-956f-2994c62b2fb1,1801693,1,46.39389167,Brentsville,{B746BB11-45DF-43AB-80A8-177153173870},,,RFH7157A,2026/04/02 11:51:12+00,Under Construction,Manassas Tech Center,,Yes,2020926.61398258,6012.99702390532
17,M/T,REZ2022-00031,Ashton Data Center,f322379d-0301-4028-9ba5-e23724a6cb51,600000,1,51.84681966,Brentsville,{02AA5D9A-1968-4398-91C8-FD4265598C62},,,,,Pending,Ashton Data Center,600000,Yes,2258447.46458858,10254.0324685805
18,M-2,REZ2023-00026,Stoneview,3f012be5-4a81-4341-8710-e239efdb3b1e,538837,1,12.36843436,Brentsville,{AFDDBD37-8B17-4076-8EFB-503E0E0655EA},,,,,Planned,Stack Northern Virginia NVA05,538837,Yes,538739.022205707,3610.39713460296
19,M-2,REZ2024-00008,8765 and 8819 Wellington Road PRA,55087cda-4790-4f98-be5d-2a054fe2c464,0,1,8.11394704,Brentsville,{CCDA0DF9-F1A5-4895-9503-8A7FD16883D8},,,RFH7157A,2026/03/30 23:27:45+00,Completed,TPC Data Centers,353514,Yes,353406.965065571,2570.51642106027
20,PMD,REZ2024-00018,Wellington Glen Technology Park,3698201f-36be-463f-bc8c-a11881726c77,673198,1,53.02445179,Brentsville,{794EB7A6-C7E5-4922-86A8-E264BB3C6DAE},,,,,Planned,Wellington Glen Technology Park,673198,Yes,2309775.16707861,9958.68849400897
21,M-2,REZ1989-0022,Amazon AWS IAD - Freedom Campus,3ce1ec8d-e4fb-4b8b-9387-14d85dccd570,0,1,18.75256232,Brentsville,{426FC4B2-7A71-49F1-8502-CF3EAF186E46},,,,,Completed,Amazon Freedom Boulevard,409252,Yes,816861.614776548,3595.53864582399
22,PBD,REZ2024-00009,NVA05A & NVA05B Proffer Amendment,19004ff1-7e88-4661-9d3f-ad33ecaa1da2,440878,1,46.17848808,Brentsville,{A78D2487-2A09-49E3-AF76-D75566F90E6E},,,,,Under Construction,George Mason Research Park,711418,Yes,2011585.42895341,7842.51472910474
23,M-2 PBD,REZ1980-0030,IBM,81cc348e-ba85-4c9b-9dc9-2a31c19aa522,515582,1,121.80858703,Brentsville,{8D03F24F-CD1B-480F-A7F7-84711317EC1B},,,,,Under Construction,QTS Manassas 1,1356387,Yes,5306013.05919334,15186.9734828501
24,PBD,PLN2007-00749,Eli Lilly at Innovation,8faefd73-d028-45e0-8b57-2c5d46df942d,0,1,78.38514118,Brentsville,{890866B8-AD58-4E26-A347-A02DAA040D6F},,,,,Completed,Amazon Innovation Drive,886901,Yes,3414405.87632375,7707.27846231513
25,PBD,REZ2023-00001,Innovation on the Parkway PRA,005eaa9c-a822-4dad-b14e-35d804a4f532,576952,1,17.72836489,Brentsville,{A02D22DB-9111-436B-ABD9-D425132B32AC},,,,,Planned,Innovation on the Parkway,576952,Yes,772247.574517205,3508.31747307216
26,PBD,PLN2007-00535,Innovation at PW,65a47980-e01f-4e3d-bc5c-e3f7c6c096f4,0,1,19.43915002,Brentsville,{E7A7B7C9-75F0-4FFD-AA1D-32E9DCE1FF09},,,,,Completed,CloudHQ Manassas Hornbaker,247608,Yes,846860.941606993,4189.49315160089
27,M-1,REZ2018-00002,Brickyard,5b9b1adb-eadd-43e0-aa7f-4fe0a600d4f2,0,1,82.57738664,Coles,{00A5EBBF-A427-4FF7-A56F-EEF2ED801B6A},,,,,Completed,Amazon Tanner Way,1798534,Yes,3597046.9947961,8974.2403786944
28,M-1,REZ2018-00002,Brickyard,5b9b1adb-eadd-43e0-aa7f-4fe0a600d4f2,1602558,1,61.4653551,Coles,{B352A664-D875-423B-B6BC-4A9311638F70},,,,,Under Construction,Digital Realty,1602558,Yes,2677438.20733379,7473.86154446005
29,M-2,REZ2018-00001,Ashwood Addition,bac2c975-6f9e-462c-a9f0-d855015bd869,1644498,1,85.39522666,Coles,{1B038B80-B2B9-4BDA-940B-EE9F72528033},,,,,Under Construction,CloudHQ Manassas Data Center (MDC),1644498,Yes,3719899.77814484,9409.96104632081
30,M/T PBD,PLN2011-00437,Airport Gateway Commerce Center I,9ad88838-f931-4013-b253-716e33117c14,1518452,1,178.44594229,Coles,{832B1012-C98E-4FF5-A346-A935DB31C9D1},,,,,Under Construction,CloudHQ Manassas Corporate Center (MCC),2326576,Yes,7773170.09570117,29362.4298687333
31,PBD,PLN2007-00535,Innovation at PW,65a47980-e01f-4e3d-bc5c-e3f7c6c096f4,0,1,21.14218871,Brentsville,{DB1E8CA1-CDFB-43F9-B551-A8D79EBBEC84},,,,,Completed,Amazon Thomasson Barn,352530,Yes,920879.47230412,4396.87357463584
32,M-2 M/T,REZ2024-00006,Mid-County Industrial Park,3dd0c08d-d7fa-483c-8e0f-1913eb303cd0,664715,1,64.10638864,Coles,{9CEEB08C-7246-4713-A1CB-BFD6FD509C54},,,,,Planned,Amazon Colchester Industrial Park,664715,Yes,2792474.09396783,6817.60215372725
33,PBD,REZ2023-00028,Parson Business Park,f202a52f-d21d-48eb-ab3e-8577eaaaff93,1876409,1,96.89923712,Coles,{BDCF10A0-3133-4111-8F05-D19737BC1F2B},,,,,Planned,Amazon Parsons Business Park,1876409,Yes,4220930.76873652,9819.64761610088
34,B-1,REZ2021-00001,I-66 & Route 29 Technology Park,4f041cf7-c8de-4afd-a4e3-f12ba520a0cd,2248452,1,90.8990748,Gainesville,{9C22846B-2921-487C-A722-EB6E9FEE6B5E},,,,,Under Construction,NTT Grove at Gainesville,2248452,No,3959810.56907122,9735.30543166127
35,PMD,REZ2020-00024,Village Place Technology Park,1ea11347-1c8b-4847-b1a4-76194692023c,978169,1,45.18473369,Gainesville,{3BFAD28D-AE4A-48FF-B290-31847E700696},,,,,Under Construction,Amazon Village Place Technology Park,978169,No,1968289.52236245,6089.19236729006
36,PBD,REZ2023-00018,Gardner Property,54197449-7161-4168-861a-d85676a180a3,2016620,1,82.5529335,Brentsville,{3D1E4FAD-8CF0-49EA-8A13-9DCB6307BDBC},,,,,Pending,Gardner Property,2016620,No,3596050.60431417,11656.8507032638
37,M-2 PBD,PLN2003-00108,Midwood Center,3861bb53-127d-425e-85de-cd895072e240,0,1,66.80610164,Gainesville,{9D453A4E-18F7-4E78-8D90-55BD9AA4E00A},,,,,Completed,Amazon Midwood Center,689469,No,2910043.46792513,8767.33181995993
38,PMD,REZ2019-00022,Blackburn Land Bay 5,bbbe6bc1-1a71-4b91-a844-a742a14e031d,1275141,1,28.35506353,Gainesville,{64ED45DA-D9C0-482F-9BAE-243D6F38F6B3},,,,,Planned,Aligned Manassas,1275141,Yes,1235148.29562517,4692.71445243407
39,M-1,REZ1969-0021,Wheeler Smith Wood Solite,06882327-a3cd-4bd2-9646-9f72bd231847,0,1,17.26924902,Gainesville,{F65F7FD4-7D37-4E92-95AE-5BE9ADC09EBA},,,,,Completed,Amazon Mason King Court,259543,Yes,752248.487194565,4970.49169799062
40,M-1,REZ1969-0021,Wheeler Smith Wood Solite,06882327-a3cd-4bd2-9646-9f72bd231847,0,1,25.79343617,Gainesville,{21C697C6-4185-4693-BFC5-E974CC4F120E},,,,,Completed,Amazon Doane Drive,366834,Yes,1123657.44247269,4455.20107300396
41,M-1,REZ2024-00001,Manassas Point PRA,112446d3-3458-4c10-9081-42d87805d421,1062501,1,39.9447077,Gainesville,{3F42A084-44CB-4CDD-97FB-0DF963958883},,,RFH7157A,2026/04/02 11:51:12+00,Planned,Iron Mountain Manassas Point,5818876,Yes,1740105.15695589,7365.53077838211
42,O(M),REZ2022-00015,Potomac Technology Park,61c4d6bd-7ac7-41d5-8d7b-f554a223316b,1170320,1,51.66752812,Potomac,{05A97AF0-FF0D-4737-8E72-41580DDFDB02},,,,,Pending,Potomac Technology Park,1170320,No,2250637.52484638,7331.40251362733
43,M-2,REZ2020-00011,Gainesville Tech Park,01fffe17-1fdc-46e3-bd5c-f5795320e7e6,343402,1,53.41238102,Brentsville,{F40404C1-98FC-467D-951B-C8436184041B},,,,,Under Construction,Gainesville Tech Park Piney Branch,343402,Yes,2326533.29080227,7350.7518551709
44,PBD,REZ1999-0038,Battlefield Business Park,8c7bc511-c750-4e31-b1ca-f6237f2ac2e8,0,1,7.34674759,Gainesville,{0A6D75A9-4F1F-4B06-9C78-0203D6736CB9},,,RFH7157A,2026/03/09 13:20:52+00,Completed,Equinix Manassas DC14,859040,Yes,320024.325140195,2630.4690880159
45,PBD,REZ1988-0030,Battlefield Business Park,67ae5cc3-3e5f-439d-aa9f-b079257e7927,0,1,20.32622547,Gainesville,{5CD5BF5F-B92C-414F-896B-A6FF81CE6DCA},,,,,Completed,Verizon Manassas 7777 Infantry Ridge,227465,Yes,885410.381554883,3587.34200574375
46,PBD,REZ2019-00034,Youth For Tomorrow,222f06a0-c603-4233-9289-74ff5439b34d,702057,1,49.83612687,Brentsville,{87903A5B-51A9-4359-B16D-A600288E9F9E},,,,,Under Construction,Stack Infrastructure NVA02 YFT,702057,No,2170861.6864996,7654.63347180558
47,PBD,REZ2019-00028,Avanti at Innovation PRA,08eefd48-2ab4-438d-9d00-e80397055cff,568117,1,106.128665,Brentsville,{B4F5102C-E670-42C6-A0FB-F7AFB74CBCA7},,,,,Under Construction,Stack Infrastructure NVA02 Manassas,1559831,Yes,4623010.83701603,10194.2209981464
48,M-2,REZ2025-00014,Hornbaker Road,a0b0e2d0-2ccb-47b1-ab3f-3275db071d01,435760,1,40.0172547,Brentsville,{15A72040-1179-4955-A645-A271CDC13914},,,RFH7157A,2026/04/13 18:17:31+00,Planned,Hornbaker Road,435760,No,907997.500828123,4303.97030898311
49,M-2,REZ2025-00026,Project Well,f91d05d2-9f16-4321-8d9d-8c28831b0c2d,672000,1,43.94216321,Brentsville,{4D69D3F7-A9B2-44F8-9027-F649C0D6A65C},,,,,Pending,Project Well,672000,Yes,1914089.53160586,6579.36853450588
50,PBD,REZ2026-00032,Manassas Corporate Center 8,90ca5774-aab1-4185-a26e-d3aa610f23f4,859040,1,22.96103772,Coles,{E4DB4CEF-C27D-4271-AE9A-11CE04416B1C},RFH7157A,2026/03/09 13:20:52+00,RFH7157A,2026/03/09 13:31:46+00,Pending,CloudHQ Manassas Corporate Center (MCC),859040,Yes,1000182.80316595,5061.44545379618
54,M-1,REZ1958-0021,BOCS,7b3b0a5f-c395-47c0-99c0-eb53f411acb3,0,0,31.76941461,Brentsville,{E362DC56-77E9-4765-88D3-F15DE2F99448},RFH7157A,2026/03/11 12:13:50+00,RFH7157A,2026/03/11 12:17:08+00,Completed,Digital Realty,345968,Yes,1383875.70055467,5685.48864167267
